Nombre,3DS,PC,PS3,PSP,PSV,X360,PS4,XOne,Año,Genero-Editorial,Unnamed2,Ventas NA,Ventas EU,Ventas JP,Ventas Otros,Ventas Global
ZombiU,,,,,,,PS4,,2016,Action-Ubisoft,,0,"0,04","0,01","0,01","0,05"
Zombie Army Trilogy,,,,,,,PS4,,2015,Shooter-Rebellion Developments,,"0,04","0,12",0,"0,03","0,2"
Zombie Army Trilogy,,,,,,,,XOne,2015,Shooter-Rebellion Developments,,"0,04","0,05",0,"0,01","0,1"
Zero Escape: Zero Time Dilemma,3DS,,,,,,,,2016,Adventure-Aksys Games,,"0,04",0,"0,01","0,01","0,06"
Zero Escape: Zero Time Dilemma,,,,,PSV,,,,2016,Adventure-Aksys Games,,"0,03",0,"0,02","0,01","0,06"
Yuusha Shisu.,,,,,PSV,,,,2016,Role-Playing-Nippon Ichi Software,,0,0,"0,02",0,"0,02"
Yuki Yuna is a Hero: Memory of the Forest,,,,,PSV,,,,2015,Action-FuRyu,,0,0,"0,04",0,"0,04"
Ys VIII: Lacrimosa of Dana,,,,,PSV,,,,2016,Role-Playing-Nihon Falcom Corporation,,0,0,"0,09",0,"0,09"
Yowamushi Pedal,3DS,,,,,,,,2015,Action-Namco Bandai Games,,0,0,"0,04",0,"0,04"
Yoru no Nai Kuni,,,,,,,PS4,,2015,Role-Playing-Tecmo Koei,,0,0,"0,08",0,"0,08"
Yoru no Nai Kuni,,,,,PSV,,,,2015,Role-Playing-Tecmo Koei,,0,0,"0,07",0,"0,07"
Yoru no Nai Kuni,,,PS3,,,,,,2015,Role-Playing-Tecmo Koei,,0,0,"0,05",0,"0,05"
Yomawari,,,,,PSV,,,,2015,Adventure-Nippon Ichi Software,,0,0,"0,06",0,"0,06"
Yokai Watch Busters,3DS,,,,,,,,2015,Action-Level 5,,0,0,"2,28",0,"2,28"
Yokai Watch 3,3DS,,,,,,,,2016,Action-Level 5,,0,0,"1,27",0,"1,27"
Yokai Sangokushi,3DS,,,,,,,,2016,Action-Level 5,,0,0,"0,55",0,"0,55"
Yakuza Zero: The Place of Oath,,,PS3,,,,,,2015,Action-Sega,,0,0,"0,25",0,"0,25"
Yakuza Zero: The Place of Oath,,,,,,,PS4,,2015,Action-Sega,,0,0,"0,17",0,"0,17"
Yakuza Kiwami,,,,,,,PS4,,2016,Adventure-Sega,,0,0,"0,16",0,"0,16"
Yakuza Kiwami,,,PS3,,,,,,2016,Adventure-Sega,,0,0,"0,12",0,"0,12"
Xenoblade Chronicles,3DS,,,,,,,,2015,Role-Playing-Nintendo,,"0,26","0,14","0,12","0,04","0,56"
XCOM 2,,PC,,,,,,,2016,Strategy-Take-Two Interactive,,"0,09","0,1",0,"0,02","0,2"
XCOM 2,,,,,,,PS4,,2016,Strategy-Take-Two Interactive,,"0,01","0,02",0,"0,01","0,04"
XCOM 2,,,,,,,,XOne,2016,Strategy-Take-Two Interactive,,"0,01","0,01",0,0,"0,02"
Xblaze: Lost Memories,,,,,PSV,,,,2015,Adventure-Arc System Works,,"0,02",0,0,"0,01","0,03"
Xblaze: Lost Memories,,,PS3,,,,,,2015,Adventure-Arc System Works,,"0,01",0,0,0,"0,02"
WWE 2K16,,,,,,,PS4,,2015,Sports-Take-Two Interactive,,"0,41","0,6",0,"0,19","1,2"
WWE 2K16,,,,,,,,XOne,2015,Sports-Take-Two Interactive,,"0,31","0,22",0,"0,05","0,58"
WWE 2K16,,,PS3,,,,,,2015,Sports-Take-Two Interactive,,"0,21","0,27",0,"0,09","0,58"
WWE 2K16,,,,,,X360,,,2015,Sports-Take-Two Interactive,,"0,27","0,19",0,"0,04","0,5"
WRC 5: FIA World Rally Championship,,,PS3,,,,,,2015,Sports-Bigben Interactive,,"0,02","0,09",0,"0,02","0,12"
WRC 5: FIA World Rally Championship,,,,,PSV,,,,2015,Sports-Bigben Interactive,,0,"0,06",0,"0,02","0,08"
WRC 5: FIA World Rally Championship,,,,,,,PS4,,2015,Sports-Bigben Interactive,,0,"0,04",0,"0,01","0,05"
WRC 5: FIA World Rally Championship,,,,,,X360,,,2015,Sports-Bigben Interactive,,0,"0,02",0,0,"0,02"
WRC 5: FIA World Rally Championship,,,,,,,,XOne,2015,Sports-Bigben Interactive,,0,"0,01",0,0,"0,01"
Worms: WMD,,,,,,,PS4,,2016,Action-Sold Out,,"0,01","0,01",0,0,"0,02"
Worms: WMD,,,,,,,PS4,,2016,Action-Sold Out,,"0,01","0,01",0,0,"0,02"
World Trigger: Borderless Mission,,,,,PSV,,,,2015,Action-Namco Bandai Games,,0,0,"0,04",0,"0,04"
World of Warcraft: Legion,,PC,,,,,,,2016,Role-Playing-Activision,,"0,14","0,12",0,"0,02","0,29"
Wolfenstein: The Old Blood,,,,,,,PS4,,2015,Action-Bethesda Softworks,,"0,09","0,25","0,02","0,06","0,42"
Wolfenstein: The Old Blood,,,,,,,,XOne,2015,Action-Bethesda Softworks,,"0,07","0,07",0,"0,01","0,15"
Wolfenstein: The Old Blood,,PC,,,,,,,2015,Action-Bethesda Softworks,,0,"0,08",0,0,"0,08"
Winning Post 8 2016,,,,,,,PS4,,2016,Simulation-Tecmo Koei,,0,0,"0,02",0,"0,02"
Winning Post 8 2015,,,,,PSV,,,,2015,Action-Tecmo Koei,,0,0,"0,02",0,"0,02"
Winning Post 8 2015,,,PS3,,,,,,2015,Action-Tecmo Koei,,0,0,"0,02",0,"0,02"
Wasteland 2,,,,,,,PS4,,2015,Role-Playing-Deep Silver,,"0,07",0,"0,01","0,02","0,1"
Wasteland 2,,PC,,,,,,,2015,Role-Playing-inXile Entertainment,,"0,02","0,06",0,"0,01","0,1"
Wasteland 2,,,,,,,,XOne,2015,Role-Playing-Deep Silver,,"0,04","0,01",0,0,"0,05"
War for the Overworld,,PC,,,,,,,2015,Strategy-Unknown,,0,"0,01",0,0,"0,01"
Wand of Fortune R,,,,,PSV,,,,2016,Adventure-Idea Factory,,0,0,"0,01",0,"0,01"
Valkyrie Drive: Bhikkhuni,,,,,PSV,,,,2015,Action-PQube,,0,"0,01","0,07",0,"0,08"
Valkyria Chronicles,,,,,,,PS4,,2016,Role-Playing-Sega,,"0,06","0,04","0,05","0,02","0,17"
Valentino Rossi: The Game,,,,,,,PS4,,2016,Racing-Namco Bandai Games,,"0,01","0,05",0,"0,01","0,06"
Valentino Rossi: The Game,,,,,,,,XOne,2016,Racing-Namco Bandai Games,,0,"0,02",0,0,"0,02"
Valentino Rossi: The Game,,PC,,,,,,,2016,Racing-Namco Bandai Games,,0,"0,01",0,0,"0,01"
Utawarerumono: Itsuwari no Kamen,,,,,PSV,,,,2015,Adventure-Aqua Plus,,0,0,"0,07",0,"0,07"
Utawarerumono: Itsuwari no Kamen,,,,,,,PS4,,2015,Adventure-Aqua Plus,,0,0,"0,06",0,"0,06"
Utawarerumono: Itsuwari no Kamen,,,PS3,,,,,,2015,Adventure-Aqua Plus,,0,0,"0,05",0,"0,05"
Utawarerumono: Futari no Hakuoro,,,,,PSV,,,,2016,Misc-Aqua Plus,,0,0,"0,05",0,"0,05"
Utawarerumono: Futari no Hakuoro,,,,,,,PS4,,2016,Misc-Aqua Plus,,0,0,"0,04",0,"0,04"
Utawarerumono: Futari no Hakuoro,,,PS3,,,,,,2016,Misc-Aqua Plus,,0,0,"0,01",0,"0,01"
Uta no Prince-Sama: Music 3,,,,,PSV,,,,2016,Action-Broccoli,,0,0,"0,05",0,"0,05"
Uta no Prince-Sama: All Star After Secret,,,,PSP,,,,,2015,Action-Broccoli,,0,0,"0,08",0,"0,08"
Uppers,,,,,PSV,,,,2016,Action-Marvelous Entertainment,,0,0,"0,01",0,"0,01"
Until Dawn,,,,,,,PS4,,2015,Adventure-Sony Computer Entertainment Europe,,"0,44","0,89","0,05","0,25","1,64"
Uncharted: The Nathan Drake Collection,,,,,,,PS4,,2015,Action-Sony Computer Entertainment,,"1,96","1,69","0,08","0,74","4,47"
Uncharted 4: A Thief's End,,,,,,,PS4,,2016,Shooter-Sony Computer Entertainment,,"1,3","2,07","0,18","0,65","4,2"
Ultra Street Fighter IV,,,,,,,PS4,,2015,Fighting-Capcom,,0,"0,08",0,"0,01","0,1"
Ukiyo no Shishi,,,PS3,,,,,,2015,Action-Namco Bandai Games,,0,0,"0,03",0,"0,03"
Ukiyo no Roushi,,,,,PSV,,,,2015,Action-Unknown,,0,0,"0,02",0,"0,02"
UEFA Euro 2016,,,,,,,PS4,,2016,Sports-Konami Digital Entertainment,,0,"0,21","0,03","0,03","0,28"
UEFA Euro 2016,,,PS3,,,,,,2016,Sports-Konami Digital Entertainment,,0,"0,08","0,02","0,01","0,11"
TV Anime Idolm@ster: Cinderella Girls G4U! Pack Vol.9,,,PS3,,,,,,2016,Misc-Namco Bandai Games,,0,0,"0,02",0,"0,02"
TV Anime Idolm@ster: Cinderella Girls G4U! Pack Vol.9,,,PS3,,,,,,2016,Misc-Namco Bandai Games,,0,0,"0,02",0,"0,02"
TV Anime Idolm@ster: Cinderella Girls G4U! Pack Vol.8,,,PS3,,,,,,2016,Misc-Namco Bandai Games,,0,0,"0,02",0,"0,02"
TV Anime Idolm@ster: Cinderella Girls G4U! Pack Vol.7,,,PS3,,,,,,2015,Misc-Namco Bandai Games,,0,0,"0,02",0,"0,02"
TV Anime Idolm@ster: Cinderella Girls G4U! Pack Vol.6,,,PS3,,,,,,2015,Adventure-Namco Bandai Games,,0,0,"0,02",0,"0,02"
TV Anime Idolm@ster: Cinderella Girls G4U! Pack Vol.5,,,PS3,,,,,,2015,Action-Namco Bandai Games,,0,0,"0,02",0,"0,02"
TV Anime Idolm@ster: Cinderella Girls G4U! Pack Vol.4,,,PS3,,,,,,2015,Action-Namco Bandai Games,,0,0,"0,02",0,"0,02"
TV Anime Idolm@ster: Cinderella Girls G4U! Pack Vol.3,,,PS3,,,,,,2015,Action-Namco Bandai Games,,0,0,"0,02",0,"0,02"
TV Anime Idolm@ster: Cinderella Girls G4U! Pack Vol.2,,,PS3,,,,,,2015,Action-Namco Bandai Games,,0,0,"0,02",0,"0,02"
TV Anime Idolm@ster: Cinderella Girls G4U! Pack Vol.1,,,PS3,,,,,,2015,Action-Namco Bandai Games,,0,0,"0,02",0,"0,02"
Tsurugi no Machi no Ihoujin: Kuro no Kyuuden,,,,,PSV,,,,2015,Role-Playing-Experience Inc.,,0,0,"0,04",0,"0,04"
Tsuki ni Yori Sou Otome no Sahou: Hidamari no Hibi,,,,,PSV,,,,2015,Adventure-dramatic create,,0,0,"0,02",0,"0,02"
Tropico 5,,,,,,,PS4,,2015,Simulation-Kalypso Media,,"0,05","0,16","0,05","0,04","0,3"
Transformers: Devastation,,,,,,,PS4,,2015,Action-Activision,,"0,1","0,08",0,"0,04","0,22"
Transformers: Devastation,,,,,,,,XOne,2015,Action-Activision,,"0,09","0,03",0,"0,01","0,13"
Transformers: Devastation,,,PS3,,,,,,2015,Action-Activision,,"0,03","0,07",0,"0,02","0,11"
Transformers: Devastation,,,,,,X360,,,2015,Action-Activision,,"0,06","0,02",0,"0,01","0,09"
Transformers: Devastation,,PC,,,,,,,2015,Action-Activision,,0,"0,03",0,0,"0,03"
Train Simulator 2016,,PC,,,,,,,2015,Simulation-Unknown,,0,"0,04",0,0,"0,04"
TrackMania Turbo,,,,,,,PS4,,2016,Action-Ubisoft,,"0,03","0,24",0,"0,05","0,32"
TrackMania Turbo,,,,,,,,XOne,2016,Action-Ubisoft,,"0,02","0,03",0,0,"0,06"
TrackMania Turbo,,PC,,,,,,,2016,Action-Ubisoft,,0,"0,01",0,0,"0,01"
Toy Soldiers: War Chest,,,,,,,PS4,,2015,Action-Ubisoft,,"0,06",0,0,"0,01","0,07"
Toy Soldiers: War Chest,,,,,,,,XOne,2015,Action-Ubisoft,,"0,05",0,0,"0,01","0,05"
Toukiden Kiwami,,,,,,,PS4,,2015,Action-Tecmo Koei,,"0,05","0,07","0,02","0,02","0,17"
Toukiden 2,,,,,PSV,,,,2016,Action-Tecmo Koei,,0,0,"0,11",0,"0,11"
Toukiden 2,,,,,,,PS4,,2016,Action-Tecmo Koei,,0,0,"0,08",0,"0,08"
Toukiden 2,,,PS3,,,,,,2016,Action-Tecmo Koei,,0,0,"0,02",0,"0,02"
Touhou Genso Rondo: Bullet Ballet,,,,,,,PS4,,2016,Shooter-Nippon Ichi Software,,"0,01",0,0,0,"0,02"
Touhou Genso Rondo: Bullet Ballet,,,,,,,PS4,,2016,Shooter-Nippon Ichi Software,,"0,01",0,0,0,"0,02"
Total War: WARHAMMER,,PC,,,,,,,2016,Strategy-Sega,,0,"0,1",0,"0,01","0,1"
Total War: Attila,,PC,,,,,,,2015,Strategy-Sega,,"0,09","0,13",0,"0,02","0,23"
Total War Attila: Tyrants & Kings,,PC,,,,,,,2016,Strategy-Koch Media,,0,"0,01",0,0,"0,01"
Tony Hawk's Pro Skater 5,,,,,,,PS4,,2015,Sports-Activision,,"0,09","0,08",0,"0,03","0,2"
Tony Hawk's Pro Skater 5,,,,,,,,XOne,2015,Sports-Activision,,"0,08","0,02",0,"0,01","0,11"
Tony Hawk's Pro Skater 5,,,,,,X360,,,2015,Sports-Activision,,"0,06",0,0,"0,01","0,07"
Tony Hawk's Pro Skater 5,,,PS3,,,,,,2015,Sports-Activision,,"0,04",0,0,"0,01","0,06"
Tom Clancy's The Division,,,,,,,PS4,,2016,Shooter-Ubisoft,,"1,28","1,61","0,15","0,57","3,61"
Tom Clancy's The Division,,,,,,,,XOne,2016,Shooter-Ubisoft,,"1,2","0,62",0,"0,18","2,01"
Tom Clancy's The Division,,PC,,,,,,,2016,Shooter-Ubisoft,,"0,2","0,14",0,"0,03","0,37"
Tom Clancy's Rainbow Six: Siege,,,,,,,PS4,,2015,Shooter-Ubisoft,,"0,54","1,16","0,13","0,32","2,15"
Tom Clancy's Rainbow Six: Siege,,,,,,,,XOne,2015,Shooter-Ubisoft,,"0,73","0,44",0,"0,12","1,29"
Tom Clancy's Rainbow Six: Siege,,PC,,,,,,,2015,Shooter-Ubisoft,,"0,12","0,08",0,"0,02","0,22"
Tokyo Xanadu eX+,,,,,,,PS4,,2016,Role-Playing-Nihon Falcom Corporation,,0,0,"0,02",0,"0,02"
Tokyo Xanadu eX+,,,,,,,PS4,,2016,Role-Playing-Nihon Falcom Corporation,,0,0,"0,02",0,"0,02"
Tokyo Xanadu,,,,,PSV,,,,2015,Role-Playing-Nihon Falcom Corporation,,0,0,"0,15",0,"0,15"
Tokyo Ghoul: Jail,,,,,PSV,,,,2015,Racing-Namco Bandai Games,,0,0,"0,05",0,"0,05"
To Love-Ru Trouble: Darkness - True Princess,,,,,PSV,,,,2015,Action-FuRyu,,0,0,"0,02",0,"0,02"
To Heart 2: Dungeon Travelers,,,,,PSV,,,,2015,Adventure-Aqua Plus,,0,0,"0,05",0,"0,05"
Thomas and Friends: Steaming around Sodor,3DS,,,,,,,,2015,Action-Avanquest Software,,0,"0,02",0,0,"0,02"
This War of Mine,,,,,,,PS4,,2016,Action-Deep Silver,,0,"0,01",0,0,"0,02"
Theatrhythm Dragon Quest,3DS,,,,,,,,2015,Misc-Square Enix,,0,0,"0,15",0,"0,15"
The Witcher 3: Wild Hunt,,,,,,,PS4,,2015,Role-Playing-Namco Bandai Games,,"0,96",2,"0,21","0,56","3,73"
The Witcher 3: Wild Hunt,,,,,,,,XOne,2015,Role-Playing-Namco Bandai Games,,"0,66","0,47",0,"0,11","1,24"
The Witcher 3: Wild Hunt,,PC,,,,,,,2015,Role-Playing-Namco Bandai Games,,"0,2","0,42",0,"0,05","0,67"
The Witch and the Hundred Knight,,,,,,,PS4,,2015,Role-Playing-Nippon Ichi Software,,"0,02","0,01","0,05","0,01","0,08"
The Technomancer,,,,,,,PS4,,2016,Role-Playing-Focus Home Interactive,,"0,01","0,03",0,"0,01","0,05"
The Technomancer,,,,,,,,XOne,2016,Role-Playing-Focus Home Interactive,,"0,01","0,01",0,0,"0,02"
The Technomancer,,PC,,,,,,,2016,Role-Playing-Focus Home Interactive,,0,"0,01",0,0,"0,01"
The Talos Principle,,,,,,,PS4,,2015,Puzzle-Devolver Digital,,0,"0,02",0,0,"0,02"
The Sims 4: Spa Day,,PC,,,,,,,2015,Simulation-Electronic Arts,,0,"0,04",0,0,"0,04"
The Sims 4: Luxury Party Stuff,,PC,,,,,,,2015,Simulation-Electronic Arts,,0,"0,01",0,0,"0,02"
The Sims 4: Get Together,,PC,,,,,,,2015,Simulation-Electronic Arts,,"0,05","0,13",0,"0,01","0,19"
The Seven Deadly Sins: Unjust Sin,3DS,,,,,,,,2015,Adventure-Namco Bandai Games,,0,0,"0,08",0,"0,08"
The Peanuts Movie: Snoopy's Grand Adventure,3DS,,,,,,,,2015,Action-Activision,,0,"0,03",0,0,"0,03"
The Peanuts Movie: Snoopy's Grand Adventure,,,,,,,PS4,,2015,Action-Activision,,0,"0,02",0,0,"0,03"
The Peanuts Movie: Snoopy's Grand Adventure,,,,,,X360,,,2015,Action-Activision,,0,"0,02",0,0,"0,03"
The Order: 1886,,,,,,,PS4,,2015,Shooter-Sony Computer Entertainment,,"0,61","0,78","0,06","0,27","1,72"
The Legend of Zelda: Tri Force Heroes,3DS,,,,,,,,2015,Action-Nintendo,,"0,52","0,33","0,17","0,08","1,1"
The Legend of Zelda: Tri Force Heroes,3DS,,,,,,,,2015,Action-Nintendo,,"0,52","0,33","0,17","0,08","1,1"
The Legend of Zelda: Majora's Mask 3D,3DS,,,,,,,,2015,Action-Nintendo,,"1,14","0,54","0,47","0,17","2,32"
The Legend of Legacy,3DS,,,,,,,,2015,Role-Playing-FuRyu,,"0,11","0,02","0,1","0,01","0,25"
The Legend of Heroes: Trails in the Sky Third Chapter,,,,,PSV,,,,2016,Role-Playing-Nihon Falcom Corporation,,0,0,"0,02",0,"0,02"
The Legend of Heroes: Trails in the Sky SC Evolution,,,,,PSV,,,,2015,Role-Playing-Kadokawa Games,,0,0,"0,03",0,"0,03"
The Legend of Heroes: Trails in the Sky First Chapter,,,,,PSV,,,,2015,Role-Playing-Kadokawa Shoten,,0,0,"0,07",0,"0,07"
The King of Fighters XIV,,,,,,,PS4,,2016,Fighting-Deep Silver,,"0,04","0,01","0,03","0,01","0,09"
The Idolmaster: Platinum Stars,,,,,,,PS4,,2016,Simulation-Namco Bandai Games,,0,0,"0,09",0,"0,09"
The Idolm@ster: Must Songs - Red Board / Blue Board,,,,,PSV,,,,2015,Misc-Namco Bandai Games,,0,0,"0,04",0,"0,04"
The Heavy Rain and Beyond: Two Souls Collection,,,,,,,PS4,,2016,Action-Sony Computer Entertainment,,0,"0,16",0,"0,03","0,19"
The Great Mystery Hidden Object Package 5,,PC,,,,,,,2015,Adventure-Rondomedia,,0,"0,03",0,0,"0,03"
The Elder Scrolls Online,,,,,,,PS4,,2015,Role-Playing-Bethesda Softworks,,"0,66","0,78",0,"0,28","1,72"
The Elder Scrolls Online,,,,,,,,XOne,2015,Role-Playing-Bethesda Softworks,,"0,77","0,38",0,"0,12","1,27"
The Crew: Wild Run,,,,,,,PS4,,2015,Action-Ubisoft,,0,"0,08",0,"0,01","0,09"
The Crew: Wild Run,,PC,,,,,,,2015,Action-Ubisoft,,0,"0,02",0,0,"0,02"
The Crew: Wild Run,,,,,,,,XOne,2015,Action-Ubisoft,,0,"0,02",0,0,"0,02"
The Book of Unwritten Tales 2,,,,,,,PS4,,2015,Adventure-Nordic Games,,0,"0,06",0,"0,01","0,07"
Teslagrad,,,,,PSV,,,,2015,Platform-Rain Games,,0,"0,01",0,0,"0,01"
Terraria,3DS,,,,,,,,2016,Action-505 Games,,0,"0,03","0,04",0,"0,08"
Teenage Mutant Ninja Turtles: Mutants in Manhattan,,,,,,,PS4,,2016,Action-Activision,,"0,04","0,02",0,"0,01","0,07"
Teenage Mutant Ninja Turtles: Mutants in Manhattan,,,PS3,,,,,,2016,Action-Activision,,"0,01","0,03",0,"0,01","0,05"
Teenage Mutant Ninja Turtles: Mutants in Manhattan,,,,,,,,XOne,2016,Action-Activision,,"0,02","0,01",0,0,"0,03"
Teenage Mutant Ninja Turtles: Mutants in Manhattan,,,,,,X360,,,2016,Action-Activision,,"0,01","0,02",0,0,"0,03"
Teddy Together,3DS,,,,,,,,2016,Simulation-Nintendo,,0,"0,02",0,0,"0,02"
Teddy Together,3DS,,,,,,,,2016,Simulation-Nintendo,,0,"0,02",0,0,"0,02"
Tearaway Unfolded,,,,,,,PS4,,2015,Platform-Sony Computer Entertainment,,"0,09","0,12",0,"0,04","0,25"
Tales of Zestiria,,,PS3,,,,,,2015,Role-Playing-Namco Bandai Games,,"0,05","0,09","0,42","0,03","0,59"
Tales of Zestiria,,,,,,,PS4,,2015,Role-Playing-Namco Bandai Games,,"0,16","0,15","0,02","0,06","0,38"
Tales of Berseria,,,,,,,PS4,,2016,Role-Playing-Namco Bandai Games,,0,0,"0,22",0,"0,22"
Tales of Berseria,,,PS3,,,,,,2016,Role-Playing-Namco Bandai Games,,0,0,"0,11",0,"0,11"
Taishou Moebius Line Vitable,,,,,PSV,,,,2016,Adventure-dramatic create,,0,0,"0,02",0,"0,02"
Taishou Moebius Line Vitable,,,,,PSV,,,,2016,Adventure-dramatic create,,0,0,"0,02",0,"0,02"
Taiko no Tatsujin: V Version,,,,,PSV,,,,2015,Action-Namco Bandai Games,,0,0,"0,1",0,"0,1"
Taiko no Tatsujin: Don Don! Mystery Adventure,3DS,,,,,,,,2016,Action-Namco Bandai Games,,0,0,"0,09",0,"0,09"
Sword Art Online: Lost Song,,,,,PSV,,,,2015,Role-Playing-Namco Bandai Games,,"0,08","0,1","0,23","0,05","0,46"
Sword Art Online: Lost Song,,,,,,,PS4,,2015,Role-Playing-Namco Bandai Games,,"0,09","0,1",0,"0,04","0,23"
Sword Art Online: Lost Song,,,PS3,,,,,,2015,Role-Playing-Namco Bandai Games,,0,0,"0,1",0,"0,1"
Sword Art Online: Hollow Fragment,,,,,,,PS4,,2015,Role-Playing-Namco Bandai Games,,0,"0,1",0,"0,02","0,12"
Sword Art Online: Game Director's Edition,,,,,,,PS4,,2015,Role-Playing-Namco Bandai Games,,0,0,"0,05",0,"0,05"
Super Run For Money Tousouchuu Atsumare! Saikyou no Tousou Monotachi,3DS,,,,,,,,2015,Action-Namco Bandai Games,,0,0,"0,11",0,"0,11"
Super Robot Wars OG: The Moon Dwellers,,,,,,,PS4,,2016,Misc-Namco Bandai Games,,0,0,"0,09",0,"0,09"
Super Robot Wars OG: The Moon Dwellers,,,PS3,,,,,,2016,Misc-Namco Bandai Games,,0,0,"0,06",0,"0,06"
Super Robot Wars BX,3DS,,,,,,,,2015,Action-Namco Bandai Games,,0,0,"0,13",0,"0,13"
Super Battle For Money Sentouchuu: Kyuukyoku no Shinobu to Battle Player Choujou Kessen!,3DS,,,,,,,,2016,Action-Namco Bandai Games,,0,0,"0,01",0,"0,01"
Super Battle For Money Sentouchuu: Kyuukyoku no Shinobu to Battle Player Choujou Kessen!,3DS,,,,,,,,2016,Action-Namco Bandai Games,,0,0,"0,01",0,"0,01"
Summon Night 6: Lost Borders,,,,,PSV,,,,2016,Action-Namco Bandai Games,,0,0,"0,06",0,"0,06"
Summon Night 6: Lost Borders,,,,,,,PS4,,2016,Action-Namco Bandai Games,,0,0,"0,03",0,"0,03"
Sumikko Gurashi: Omise Hajimerundesu,3DS,,,,,,,,2015,Action-Nippon Columbia,,0,0,"0,14",0,"0,14"
Sumikko Gurashi: Mura o Tsukurundesu,3DS,,,,,,,,2016,Misc-Nippon Columbia,,0,0,"0,06",0,"0,06"
Street Fighter V,,,,,,,PS4,,2016,Fighting-Capcom,,"0,35","0,26","0,08","0,13","0,82"
Street Fighter V,,PC,,,,,,,2016,Fighting-Capcom,,0,"0,05",0,0,"0,05"
Stranger of Sword City,,,,,PSV,,,,2015,Role-Playing-Nippon Ichi Software,,"0,02","0,02",0,"0,01","0,05"
Story of Seasons: Good Friends of the Three Villages,3DS,,,,,,,,2016,Simulation-Marvelous Interactive,,0,0,"0,19",0,"0,19"
Storm Lover 2nd V,,,,,PSV,,,,2016,Adventure-D3Publisher,,0,0,"0,02",0,"0,02"
Storm Lover 2nd V,,,,,PSV,,,,2016,Adventure-D3Publisher,,0,0,"0,02",0,"0,02"
Stellaris,,PC,,,,,,,2016,Strategy-Paradox Interactive,,0,"0,03",0,0,"0,03"
Stella Glow,3DS,,,,,,,,2015,Role-Playing-Atlus,,"0,16","0,01","0,05","0,02","0,24"
Steins;Gate 0,,,,,PSV,,,,2015,Adventure-PQube,,0,0,"0,05",0,"0,05"
Steins;Gate 0,,,,,,,PS4,,2015,Adventure-PQube,,0,0,"0,05",0,"0,05"
Steins;Gate 0,,,PS3,,,,,,2015,Adventure-5pb,,0,0,"0,03",0,"0,03"
State of Decay,,,,,,,,XOne,2015,Strategy-Microsoft Game Studios,,"0,14","0,05",0,"0,02","0,2"
StarCraft II: Legacy of the Void,,PC,,,,,,,2015,Strategy-Activision,,"0,18","0,29",0,"0,04","0,51"
Star Wars Battlefront (2015),,,,,,,PS4,,2015,Shooter-Electronic Arts,,"2,93","3,29","0,22","1,23","7,67"
Star Wars Battlefront (2015),,,,,,,,XOne,2015,Shooter-Electronic Arts,,"1,94","1,22","0,02","0,31","3,49"
Star Wars Battlefront (2015),,PC,,,,,,,2015,Shooter-Electronic Arts,,"0,13","0,37",0,"0,04","0,54"
Star Ocean 5: Integrity and Faithlessness,,,,,,,PS4,,2016,Role-Playing-Square Enix,,"0,06","0,07","0,14","0,02","0,3"
Star Ocean 5: Integrity and Faithlessness,,,PS3,,,,,,2016,Role-Playing-Square Enix,,0,0,"0,04",0,"0,04"
SpongeBob: HeroPants,,,,,,X360,,,2015,Platform-Activision,,"0,08",0,0,"0,01","0,09"
SpongeBob: HeroPants,,,,,PSV,,,,2015,Platform-Activision,,"0,03","0,01",0,"0,01","0,05"
SpongeBob: HeroPants,3DS,,,,,,,,2015,Platform-Activision,,"0,03",0,0,0,"0,03"
Spirits and Demons: 5 Game Pack,,PC,,,,,,,2015,Misc-Focus Multimedia,,0,"0,02",0,0,"0,02"
Space Hulk,,,,,PSV,,,,2015,Strategy-Funbox Media,,0,"0,01",0,0,"0,01"
Sousaku Alice to Oujisama!,3DS,,,,,,,,2015,Simulation-Happinet,,0,0,"0,01",0,"0,01"
Sonic Boom: Fire & Ice,3DS,,,,,,,,2016,Platform-Sega,,"0,03",0,0,0,"0,03"
Song of the Deep,,,,,,,PS4,,2016,Action-Insomniac Games,,"0,05",0,0,"0,01","0,06"
Song of the Deep,,,,,,,,XOne,2016,Action-Insomniac Games,,"0,03",0,0,0,"0,04"
Song of the Deep,,PC,,,,,,,2016,Action-Insomniac Games,,"0,02",0,0,0,"0,02"
Skylanders: SuperChargers,,,,,,X360,,,2015,Action-Activision,,"0,24","0,18",0,"0,04","0,46"
Skylanders: SuperChargers,,,PS3,,,,,,2015,Action-Activision,,"0,15","0,18",0,"0,06","0,39"
Skylanders: SuperChargers,,,,,,,PS4,,2015,Action-Activision,,"0,17","0,08",0,"0,05","0,3"
Skylanders: SuperChargers,,,,,,,,XOne,2015,Action-Activision,,"0,16","0,05",0,"0,02","0,23"
Skylanders: SuperChargers,3DS,,,,,,,,2015,Action-Activision,,"0,05","0,06",0,"0,01","0,11"
Sid Meier's Civilization Revolution 2+,,,,,PSV,,,,2015,Strategy-Take-Two Interactive,,0,0,"0,02",0,"0,02"
Shovel Knight,3DS,,,,,,,,2015,Platform-Yacht Club Games,,"0,07","0,04","0,01","0,01","0,13"
Shovel Knight,,,,,,,PS4,,2015,Platform-Yacht Club Games,,"0,03","0,03",0,"0,01","0,08"
Shitsuji ga Aruji o Erabu Toki,,,,,PSV,,,,2016,Adventure-Unknown,,0,0,"0,01",0,"0,01"
Shiren the Wanderer 5 Plus: Fortune Tower and the Dice of Fate,,,,,PSV,,,,2015,Action-Aksys Games,,"0,01",0,"0,04",0,"0,05"
"Shinobi, Koi Utsutsu: Setsugetsuka Koi Emaki",,,,,PSV,,,,2015,Action-Idea Factory,,0,0,"0,01",0,"0,01"
Shin Megami Tensei: Devil Survivor 2,3DS,,,,,,,,2015,Role-Playing-Atlus,,0,"0,03","0,09",0,"0,12"
Shin Megami Tensei IV: Final,3DS,,,,,,,,2016,Role-Playing-Deep Silver,,"0,03",0,"0,14",0,"0,17"
Shin Hayarigami 2,,,,,PSV,,,,2016,Adventure-Nippon Ichi Software,,0,0,"0,01",0,"0,01"
Shantae and the Pirate's Curse,3DS,,,,,,,,2015,Platform-Intergrow,,0,0,"0,03",0,"0,03"
Senran Kagura: Estival Versus,,,,,PSV,,,,2015,Action-Marvelous Interactive,,"0,06","0,05","0,09","0,03","0,23"
Senran Kagura: Estival Versus,,,,,,,PS4,,2015,Action-Marvelous Interactive,,"0,07",0,"0,08","0,02","0,17"
Sengoku Otome: Legend Battle,,,,,PSV,,,,2016,Action-Unknown,,0,0,"0,02",0,"0,02"
Sengoku Basara: Sanada Yukimura-Den,,,,,,,PS4,,2016,Action-Capcom,,0,0,"0,03",0,"0,03"
Sengoku Basara: Sanada Yukimura-Den,,,PS3,,,,,,2016,Action-Capcom,,0,0,"0,02",0,"0,02"
Sengoku Basara 4: Sumeragi,,,PS3,,,,,,2015,Action-Capcom,,0,0,"0,09",0,"0,09"
Sengoku Basara 4: Sumeragi,,,,,,,PS4,,2015,Action-Capcom,,0,0,"0,05",0,"0,05"
Sangoku Koi Senki: Omoide Gaeshi - CS Edition,,,,,PSV,,,,2016,Adventure-Prototype,,0,0,"0,01",0,"0,01"
Samurai Warriors 4: Empires,,,,,,,PS4,,2015,Action-Tecmo Koei,,"0,02","0,01","0,05","0,01","0,09"
Samurai Warriors 4: Empires,,,PS3,,,,,,2015,Action-Tecmo Koei,,0,0,"0,06",0,"0,06"
Samurai Warriors 4: Empires,,,,,PSV,,,,2015,Action-Tecmo Koei,,0,0,"0,05",0,"0,05"
Samurai Warriors 4-II,,,,,,,PS4,,2015,Action-Tecmo Koei,,"0,03","0,02","0,06","0,01","0,11"
Samurai Warriors 4-II,,,PS3,,,,,,2015,Action-Tecmo Koei,,0,0,"0,11",0,"0,11"
Samurai Warriors 4-II,,,,,PSV,,,,2015,Action-Tecmo Koei,,0,0,"0,05",0,"0,05"
Saki: Zenkoku-hen,,,,,PSV,,,,2015,Misc-Kaga Create,,0,0,"0,05",0,"0,05"
Saints Row: Gat out of Hell,,,,,,,PS4,,2015,Action-Deep Silver,,0,"0,04",0,"0,01","0,05"
Saints Row IV,,,,,,,PS4,,2015,Action-Deep Silver,,"0,13","0,17","0,03","0,06","0,38"
Saints Row IV,,,,,,,,XOne,2015,Action-Deep Silver,,"0,1","0,09",0,"0,02","0,2"
Saint Seiya: Soldiers' Soul,,,,,,,PS4,,2015,Fighting-Namco Bandai Games,,0,"0,09","0,04","0,02","0,15"
Saint Seiya: Soldiers' Soul,,,PS3,,,,,,2015,Fighting-Namco Bandai Games,,0,0,"0,04",0,"0,04"
Saenai Kanojo no Sodatekata: Blessing Flowers,,,,,PSV,,,,2015,Action-5pb,,0,0,"0,02",0,"0,02"
SÃ©bastien Loeb Rally Evo,,,,,,,PS4,,2016,Racing-Milestone S.r.l,,0,"0,04",0,"0,01","0,04"
SÃ©bastien Loeb Rally Evo,,,,,,,,XOne,2016,Racing-Milestone S.r.l,,0,"0,01",0,0,"0,01"
Rugby World Cup 2015,,,PS3,,,,,,2015,Sports-Ubisoft,,0,"0,06",0,"0,01","0,07"
Rugby World Cup 2015,,,,,,,PS4,,2015,Sports-Ubisoft,,0,"0,05",0,"0,01","0,06"
Rugby World Cup 2015,,,,,,X360,,,2015,Sports-Ubisoft,,0,"0,04",0,0,"0,05"
Rugby World Cup 2015,,,,,PSV,,,,2015,Sports-Ubisoft,,0,"0,03",0,"0,01","0,04"
Rugby World Cup 2015,,,,,,,,XOne,2015,Sports-Ubisoft,,0,"0,02",0,0,"0,02"
Rugby World Cup 2015,,PC,,,,,,,2015,Sports-Ubisoft,,0,"0,01",0,0,"0,01"
Rugby League Team Manager 2015,,PC,,,,,,,2015,Action-Alternative Software,,0,"0,02",0,0,"0,02"
Rugby League Live 3,,,PS3,,,,,,2015,Action-Tru Blu Entertainment,,0,"0,03",0,0,"0,03"
Rugby League Live 3,,,,,,X360,,,2015,Action-Tru Blu Entertainment,,0,"0,03",0,0,"0,03"
Rugby League Live 3,,,,,,,PS4,,2015,Action-Tru Blu Entertainment,,0,"0,02",0,0,"0,02"
Rugby League Live 3,,,,,,,,XOne,2015,Action-Tru Blu Entertainment,,0,"0,01",0,0,"0,01"
Rugby Challenge 3,,,PS3,,,,,,2016,Sports-Alternative Software,,0,"0,04",0,"0,01","0,04"
Rugby Challenge 3,,,,,,,PS4,,2016,Sports-Alternative Software,,0,"0,03",0,"0,01","0,04"
Rugby Challenge 3,,,,,,X360,,,2016,Sports-Alternative Software,,0,"0,02",0,0,"0,02"
Rugby Challenge 3,,,,,,,,XOne,2016,Sports-Alternative Software,,0,"0,01",0,0,"0,01"
Rugby Challenge 3,,,,,,X360,,,2016,Sports-Alternative Software,,0,"0,02",0,0,"0,02"
Rugby 15,,,PS3,,,,,,2015,Sports-Bigben Interactive,,"0,02","0,09",0,"0,02","0,13"
Rugby 15,,,,,,,PS4,,2015,Sports-Bigben Interactive,,"0,03","0,06",0,"0,02","0,11"
Rugby 15,,,,,,,,XOne,2015,Sports-Bigben Interactive,,"0,03","0,05",0,"0,01","0,09"
Rugby 15,,,,,PSV,,,,2015,Sports-Bigben Interactive,,0,"0,05",0,"0,01","0,06"
Rugby 15,,,,,,X360,,,2015,Sports-Bigben Interactive,,0,"0,05",0,0,"0,05"
Rose to Tasogare no Kojou,,,,,PSV,,,,2016,Action-Nippon Ichi Software,,0,0,"0,02",0,"0,02"
Rory McIlroy PGA Tour,,,,,,,PS4,,2015,Action-Electronic Arts,,"0,18","0,24",0,"0,08","0,51"
Rory McIlroy PGA Tour,,,,,,,,XOne,2015,Action-Electronic Arts,,"0,15","0,09",0,"0,02","0,27"
Root Infinity Rexx,,,,,PSV,,,,2015,Adventure-Idea Factory,,0,0,"0,02",0,"0,02"
Romance of the Three Kingdoms II,3DS,,,,,,,,2015,Strategy-Tecmo Koei,,0,0,"0,03",0,"0,03"
Romance of the Three Kingdoms 13,,,,,,,PS4,,2015,Action-Tecmo Koei,,"0,01",0,"0,05",0,"0,06"
Romance of the Three Kingdoms 13,,,PS3,,,,,,2015,Action-Tecmo Koei,,0,0,"0,04",0,"0,04"
RollerCoaster Tycoon World,,PC,,,,,,,2016,Simulation-Atari,,0,"0,02",0,0,"0,02"
Rodea the Sky Soldier,3DS,,,,,,,,2015,Action-Nippon Ichi Software,,"0,03",0,0,0,"0,04"
Rocket League,,,,,,,PS4,,2016,Sports-505 Games,,"0,02","0,14",0,"0,07","0,23"
Rocket League,,,,,,,,XOne,2016,Sports-505 Games,,"0,03","0,09",0,"0,01","0,12"
Rocket League,,PC,,,,,,,2016,Sports-505 Games,,"0,01","0,01",0,0,"0,02"
Rocket League,,PC,,,,,,,2016,Sports-505 Games,,"0,01","0,01",0,0,"0,02"
Rock Band 4,,,,,,,,XOne,2015,Misc-Harmonix Music Systems,,"0,35","0,04",0,"0,04","0,43"
Rock Band 4,,,,,,,PS4,,2015,Misc-Harmonix Music Systems,,"0,25","0,05",0,"0,07","0,37"
Risen 3: Titan Lords,,,,,,,PS4,,2015,Role-Playing-Deep Silver,,0,"0,05",0,"0,01","0,06"
Rise of the Tomb Raider,,PC,,,,,,,2016,Adventure-Square Enix,,0,"0,09",0,"0,01","0,1"
Rise of the Tomb Raider,,,,,,,,XOne,2015,Adventure-Square Enix,,"0,53","0,64","0,02","0,1","1,3"
Rise of the Tomb Raider,,,,,,X360,,,2015,Adventure-Square Enix,,"0,17","0,19",0,"0,03","0,4"
Ride,,,,,,,PS4,,2015,Racing-Milestone S.r.l.,,"0,03","0,13","0,03","0,03","0,22"
Ride,,,,,,,,XOne,2015,Racing-Milestone S.r.l.,,"0,04","0,05",0,"0,01","0,1"
Ride,,,PS3,,,,,,2015,Racing-Milestone S.r.l.,,0,"0,06","0,01","0,01","0,08"
Ride,,PC,,,,,,,2015,Racing-Milestone S.r.l.,,0,"0,03",0,0,"0,03"
Ride,,,,,,X360,,,2015,Racing-Milestone S.r.l.,,0,"0,02",0,0,"0,02"
Rhythm Heaven: The Best+,3DS,,,,,,,,2015,Misc-Nintendo,,0,0,"0,71",0,"0,71"
Revolution: 25th Anniversary Collection,,PC,,,,,,,2016,Adventure-Koch Media,,0,"0,02",0,0,"0,02"
Return to PopoloCrois: A Story of Seasons Fairytale,3DS,,,,,,,,2015,Simulation-Marvelous Entertainment,,"0,04",0,"0,1","0,01","0,15"
Resident Evil: Umbrella Corps,,,,,,,PS4,,2016,Action-Capcom,,0,0,"0,02",0,"0,02"
Resident Evil: Revelations 2,,,,,,,PS4,,2015,Action-Capcom,,"0,13","0,24","0,1","0,07","0,54"
Resident Evil: Revelations 2,,,PS3,,,,,,2015,Action-Capcom,,"0,06","0,08","0,16","0,03","0,32"
Resident Evil: Revelations 2,,,,,PSV,,,,2015,Action-Capcom,,"0,01","0,05","0,06","0,01","0,13"
Resident Evil: Revelations 2,,,,,,,,XOne,2015,Action-Capcom,,"0,07","0,02",0,"0,01","0,1"
Resident Evil: Revelations 2,,,,,,X360,,,2015,Action-Capcom,,"0,04","0,04",0,"0,01","0,09"
Resident Evil Zero,,,,,,,PS4,,2016,Action-Capcom,,"0,09","0,17","0,05","0,05","0,36"
Resident Evil Zero,,,,,,,,XOne,2016,Action-Capcom,,"0,05","0,02",0,"0,01","0,07"
Resident Evil Zero,,PC,,,,,,,2016,Action-Capcom,,"0,01","0,01",0,0,"0,02"
Resident Evil 6,,,,,,,PS4,,2016,Shooter-Capcom,,"0,05",0,0,"0,01","0,07"
Resident Evil 6,,,,,,,,XOne,2016,Shooter-Capcom,,"0,03",0,0,0,"0,04"
Resident Evil 5 HD,,,,,,,PS4,,2016,Action-Capcom,,"0,01",0,0,0,"0,01"
Resident Evil 4 HD,,,,,,,PS4,,2016,Shooter-Capcom,,"0,03",0,0,"0,01","0,03"
Resident Evil 4 HD,,,,,,,,XOne,2016,Shooter-Capcom,,"0,01",0,0,0,"0,01"
Republique,,,,,,,PS4,,2016,Action-Nippon Ichi Software,,0,"0,01","0,01",0,"0,01"
Renai Revenge,,,,,PSV,,,,2015,Adventure-TGL,,0,0,"0,03",0,"0,03"
Reine des Fleurs,,,,,PSV,,,,2015,Action-Idea Factory,,0,0,"0,02",0,"0,02"
Refrain no Chika Meikyuu to Majo no Ryodan,,,,,PSV,,,,2016,Action-Nippon Ichi Software,,0,0,"0,04",0,"0,04"
ReCore,,,,,,,,XOne,2016,Action-Microsoft Game Studios,,"0,06","0,03",0,"0,01","0,1"
Ray Gigant,,,,,PSV,,,,2015,Role-Playing-Namco Bandai Games,,0,0,"0,04",0,"0,04"
Raven's Cry,,,,,,,PS4,,2015,Role-Playing-TopWare Interactive,,0,"0,01",0,0,"0,01"
Ratchet & Clank (2016),,,,,,,PS4,,2016,Platform-Sony Computer Entertainment,,"0,32","0,64","0,04","0,18","1,17"
Rare Replay,,,,,,,,XOne,2015,Misc-Microsoft Game Studios,,"0,47","0,21","0,01","0,07","0,75"
R.B.I. Baseball 2016,,,,,,,,XOne,2016,Sports-MLB.com,,"0,04",0,0,0,"0,04"
Quantum Break,,,,,,,,XOne,2016,Action-Microsoft Game Studios,,"0,27","0,19","0,01","0,04","0,51"
Puzzle & Dragons Z + Super Mario Bros. Edition,3DS,,,,,,,,2015,Puzzle-Nintendo,,"0,05","0,05","0,34","0,01","0,46"
Puzzle & Dragons X: God Chapter / Dragon Chapter,3DS,,,,,,,,2016,Action-GungHo,,0,0,"0,2",0,"0,2"
Psycho-Pass: Mandatory Happiness,,,,,,,PS4,,2016,Adventure-Nippon Ichi Software,,"0,02",0,0,0,"0,03"
Psycho-Pass: Mandatory Happiness,,,,,PSV,,,,2016,Adventure-Nippon Ichi Software,,0,"0,01","0,01",0,"0,02"
Psychedelica of the Black Butterfly,,,,,PSV,,,,2015,Action-Idea Factory,,0,0,"0,02",0,"0,02"
Project X Zone 2: Brave New World,3DS,,,,,,,,2015,Role-Playing-Namco Bandai Games,,"0,04","0,04","0,08","0,01","0,17"
Project Setsuna,,,,,,,PS4,,2016,Role-Playing-Square Enix,,0,0,"0,06",0,"0,06"
Project Setsuna,,,,,PSV,,,,2016,Role-Playing-Square Enix,,0,0,"0,05",0,"0,05"
Project CARS,,,,,,,PS4,,2015,Racing-Slightly Mad Studios,,"0,17","0,69","0,02","0,15","1,04"
Project CARS,,,,,,,,XOne,2015,Racing-Slightly Mad Studios,,"0,08","0,13",0,"0,02","0,23"
Project CARS,,PC,,,,,,,2015,Racing-Slightly Mad Studios,,0,"0,1",0,"0,01","0,11"
Project CARS,,,,,,,PS4,,2015,Racing-Slightly Mad Studios,,"0,17","0,69","0,02","0,15","1,04"
Professional Farmer 2016,,,,,,,PS4,,2015,Action-Namco Bandai Games,,0,"0,01",0,0,"0,02"
Professional Farmer 2016,,,,,PSV,,,,2015,Action-Namco Bandai Games,,0,"0,01",0,0,"0,01"
Pro Evolution Soccer 2017,,,,,,,PS4,,2016,Sports-Konami Digital Entertainment,,"0,01","0,16","0,09","0,03","0,28"
Pro Evolution Soccer 2017,,,PS3,,,,,,2016,Sports-Konami Digital Entertainment,,0,"0,01","0,04",0,"0,06"
Pro Evolution Soccer 2017,,,,,,,,XOne,2016,Sports-Konami Digital Entertainment,,0,"0,02",0,0,"0,03"
Pro Evolution Soccer 2016,,,,,,,PS4,,2015,Sports-Konami Digital Entertainment,,"0,13","0,42","0,13","0,1","0,78"
Pro Evolution Soccer 2016,,,PS3,,,,,,2015,Sports-Konami Digital Entertainment,,"0,08","0,18","0,15","0,05","0,45"
Pro Evolution Soccer 2016,,,,,,X360,,,2015,Sports-Konami Digital Entertainment,,"0,04","0,08",0,"0,01","0,13"
Pro Evolution Soccer 2016,,,,,,,,XOne,2015,Sports-Konami Digital Entertainment,,"0,03","0,06",0,"0,01","0,1"
Pro Evolution Soccer 2016,,PC,,,,,,,2015,Sports-Konami Digital Entertainment,,0,"0,04",0,0,"0,04"
Pro Cycling Manager 2016,,,,,,,PS4,,2016,Sports-Focus Home Interactive,,0,"0,04",0,"0,01","0,05"
Pro Cycling Manager 2016,,PC,,,,,,,2016,Sports-Focus Home Interactive,,0,"0,03",0,0,"0,03"
Pro Baseball Spirits 2015,,,PS3,,,,,,2015,Action-Konami Digital Entertainment,,0,0,"0,15",0,"0,15"
Pro Baseball Spirits 2015,,,,,PSV,,,,2015,Action-Konami Digital Entertainment,,0,0,"0,13",0,"0,13"
Prison Architect,,,,,,,PS4,,2016,Action-Introversion Software,,"0,01","0,01",0,0,"0,02"
Prison Architect,,,,,,,PS4,,2016,Action-Introversion Software,,"0,01","0,01",0,0,"0,02"
PriPara Mezase! Idol Grand Prix No.1!,3DS,,,,,,,,2015,Misc-Takara Tomy,,0,0,"0,11",0,"0,11"
PriPara & Pretty Rhythm: PriPara de Tsukaeru Oshare Item 1450!,3DS,,,,,,,,2015,Action-Namco Bandai Games,,0,0,"0,03",0,"0,03"
Prince of Stride,,,,,PSV,,,,2015,Adventure-Kadokawa Games,,0,0,"0,02",0,"0,02"
Pokemon Super Mystery Dungeon,3DS,,,,,,,,2015,Role-Playing-Nintendo,,"0,46","0,31","0,33","0,08","1,19"
Pokemon Rumble World,3DS,,,,,,,,2015,Action-Nintendo,,0,"0,01","0,08",0,"0,09"
Plants vs. Zombies: Garden Warfare 2,,,,,,,PS4,,2016,Shooter-Electronic Arts,,"0,17","0,21",0,"0,07","0,45"
Plants vs. Zombies: Garden Warfare 2,,,,,,,,XOne,2016,Shooter-Electronic Arts,,"0,26","0,15",0,"0,04","0,44"
Plants vs. Zombies: Garden Warfare 2,,PC,,,,,,,2016,Shooter-Electronic Arts,,0,"0,04",0,0,"0,05"
Picross 3D 2,3DS,,,,,,,,2015,Puzzle-Nintendo,,0,0,"0,11",0,"0,11"
Phantasy Star Online 2: Episode 3 Deluxe Package,,,,,PSV,,,,2015,Action-Sega,,0,0,"0,03",0,"0,03"
Phantasy Star Online 2 Episode 4: Deluxe Package,,,,,,,PS4,,2017,Role-Playing-Sega,,0,0,"0,03",0,"0,03"
Phantasy Star Online 2 Episode 4: Deluxe Package,,,,,PSV,,,,2017,Role-Playing-Sega,,0,0,"0,01",0,"0,01"
Persona 5,,,,,,,PS4,,2016,Role-Playing-Atlus,,0,0,"0,34",0,"0,34"
Persona 5,,,PS3,,,,,,2016,Role-Playing-Unknown,,0,0,"0,1",0,"0,1"
Persona 4: Dancing All Night,,,,,PSV,,,,2015,Misc-Nippon Ichi Software,,"0,13","0,1","0,15","0,07","0,46"
Period Cube: Torikago no Amadeus,,,,,PSV,,,,2016,Action-Idea Factory,,0,0,"0,01",0,"0,01"
Payday 2,,,,,,,PS4,,2015,Shooter-505 Games,,"0,09","0,14",0,"0,04","0,27"
Payday 2,,,,,,,,XOne,2015,Shooter-505 Games,,"0,08","0,07",0,"0,01","0,17"
Parfait,,,,,PSV,,,,2015,Adventure-TGL,,0,0,"0,03",0,"0,03"
Paranormal Pursuit: The Gifted One,,PC,,,,,,,2015,Action-Alawar Entertainment,,0,"0,01",0,0,"0,01"
Paragon,,,,,,,PS4,,2016,Action-Epic Games,,"0,01",0,0,0,"0,01"
Paddington: Adventures in London,3DS,,,,,,,,2015,Puzzle-Koch Media,,0,"0,04",0,0,"0,04"
OZMAFIA!! -vivace-,,,,,PSV,,,,2015,Adventure-dramatic create,,0,0,"0,03",0,"0,03"
Overwatch,,,,,,,PS4,,2016,Shooter-Activision,,"0,64","0,68","0,14","0,26","1,73"
Overwatch,,,,,,,,XOne,2016,Shooter-Activision,,"0,52","0,25",0,"0,08","0,85"
Overwatch,,PC,,,,,,,2016,Shooter-Activision,,"0,22","0,18",0,"0,04","0,43"
Otoko Yukaku,,,,,PSV,,,,2015,Action-D3Publisher,,0,0,"0,02",0,"0,02"
One Piece: Pirate Warriors 3,,,,,,,PS4,,2015,Action-Namco Bandai Games,,"0,08","0,22","0,1","0,05","0,45"
One Piece: Pirate Warriors 3,,,PS3,,,,,,2015,Action-Namco Bandai Games,,0,"0,09","0,19","0,01","0,29"
One Piece: Pirate Warriors 3,,,,,PSV,,,,2015,Action-Namco Bandai Games,,0,"0,07","0,13","0,02","0,22"
One Piece: Daikaizoku Coliseum,3DS,,,,,,,,2016,Fighting-Namco Bandai Games,,0,0,"0,01",0,"0,01"
One Piece: Daikaizoku Coliseum,3DS,,,,,,,,2016,Fighting-Namco Bandai Games,,0,0,"0,01",0,"0,01"
One Piece: Burning Blood,,,,,,,PS4,,2016,Fighting-Namco Bandai Games,,"0,1","0,08","0,07","0,04","0,28"
One Piece: Burning Blood,,,,,PSV,,,,2016,Fighting-Namco Bandai Games,,0,"0,03","0,07","0,01","0,11"
One Piece: Burning Blood,,,,,,,,XOne,2016,Fighting-Namco Bandai Games,,"0,03","0,01",0,0,"0,04"
Omega Labyrinth,,,,,PSV,,,,2015,Role-Playing-D3Publisher,,0,0,"0,05",0,"0,05"
Odin Sphere: Leifthrasir,,,,,,,PS4,,2016,Role-Playing-Nippon Ichi Software,,"0,06","0,03","0,07","0,02","0,18"
Odin Sphere: Leifthrasir,,,,,PSV,,,,2016,Role-Playing-Nippon Ichi Software,,"0,02","0,03","0,08","0,02","0,15"
Odin Sphere: Leifthrasir,,,PS3,,,,,,2016,Role-Playing-Nippon Ichi Software,,"0,01","0,02","0,03","0,01","0,06"
Norn + Nonette: Last Era,,,,,PSV,,,,2015,Action-Idea Factory,,0,0,"0,01",0,"0,01"
Nobunaga's Ambition: Tenshouki with Power-Up Kit HD Version,,,,,PSV,,,,2015,Strategy-Tecmo Koei,,0,0,"0,02",0,"0,02"
Nobunaga's Ambition: Sphere of Influence - Sengoku Risshiden,,,,,,,PS4,,2016,Misc-Tecmo Koei,,0,0,"0,04",0,"0,04"
Nobunaga's Ambition: Sphere of Influence - Sengoku Risshiden,,,,,PSV,,,,2016,Misc-Tecmo Koei,,0,0,"0,04",0,"0,04"
Nobunaga's Ambition: Sphere of Influence - Sengoku Risshiden,,,PS3,,,,,,2016,Misc-Tecmo Koei,,0,0,"0,03",0,"0,03"
Nobunaga's Ambition II,3DS,,,,,,,,2015,Strategy-Tecmo Koei,,0,0,"0,04",0,"0,04"
No Man's Sky,,,,,,,PS4,,2016,Action-Hello Games,,"0,58","0,74","0,02","0,26","1,6"
Nitroplus Blasterz: Heroines Infinite Duel,,,,,,,PS4,,2015,Fighting-Marvelous Interactive,,"0,01",0,"0,02",0,"0,04"
Nitroplus Blasterz: Heroines Infinite Duel,,,PS3,,,,,,2015,Fighting-Nitroplus,,0,0,"0,01",0,"0,01"
Nintendo Presents: New Style Boutique 2 - Fashion Forward,3DS,,,,,,,,2015,Misc-Nintendo,,"0,01","0,61","0,02","0,04","0,69"
Nil Admirari no Tenbin: Teito Genwaku Toukidan,,,,,PSV,,,,2016,Adventure-Idea Factory,,0,0,"0,02",0,"0,02"
Niko Puchi Girls Runway,3DS,,,,,,,,2015,Misc-Happinet,,0,0,"0,02",0,"0,02"
Nights of Azure,,,,,,,PS4,,2015,Action-Tecmo Koei,,"0,03","0,02",0,"0,01","0,06"
NHL Legacy,,,,,,X360,,,2015,Action-Electronic Arts,,"0,05",0,0,"0,01","0,05"
NHL Legacy,,,PS3,,,,,,2015,Action-Electronic Arts,,"0,03",0,0,"0,01","0,04"
NHL 17,,,,,,,PS4,,2016,Sports-Electronic Arts,,"0,13","0,04",0,"0,04","0,2"
NHL 17,,,,,,,,XOne,2016,Sports-Electronic Arts,,"0,13","0,01",0,"0,02","0,15"
NHL 16,,,,,,,PS4,,2015,Sports-Electronic Arts,,"0,35","0,15",0,"0,11","0,61"
NHL 16,,,,,,,,XOne,2015,Sports-Electronic Arts,,"0,37","0,05",0,"0,05","0,47"
NHL 16,,,PS3,,,,,,2015,Sports-Electronic Arts,,0,"0,03",0,"0,01","0,04"
NHL 16,,,,,,X360,,,2015,Sports-Electronic Arts,,0,"0,02",0,0,"0,02"
New Tokyo Legacy: Operation Babel,,,,,PSV,,,,2015,Role-Playing-5pb,,0,0,"0,03",0,"0,03"
New Prince of Tennis: Go to the Top,3DS,,,,,,,,2015,Action-FuRyu,,0,0,"0,05",0,"0,05"
New Interpretation Stranger of Sword City,,,,,PSV,,,,2016,Role-Playing-Experience Inc.,,0,0,"0,01",0,"0,01"
New Atelier Rorona: Hajimari no Monogatari,3DS,,,,,,,,2015,Action-Tecmo Koei,,0,0,"0,02",0,"0,02"
Net High,,,,,PSV,,,,2015,Adventure-Marvelous Games,,0,0,"0,02",0,"0,02"
Need for Speed (2015),,PC,,,,,,,2016,Racing-Electronic Arts,,0,"0,03",0,0,"0,03"
Need for Speed (2015),,,,,,,PS4,,2015,Racing-Electronic Arts,,"0,49","1,49","0,05","0,36","2,39"
Need for Speed (2015),,,,,,,,XOne,2015,Racing-Electronic Arts,,"0,3","0,33",0,"0,06","0,68"
NBA Live 16,,,,,,,PS4,,2015,Sports-Electronic Arts,,"0,1","0,04",0,"0,03","0,17"
NBA Live 16,,,,,,,,XOne,2015,Sports-Electronic Arts,,"0,08","0,01",0,"0,01","0,1"
NBA 2K17,,,,,,,PS4,,2016,Sports-Take-Two Interactive,,"0,83","0,14",0,"0,22","1,19"
NBA 2K17,,,,,,,,XOne,2016,Sports-Take-Two Interactive,,"0,54","0,04",0,"0,07","0,64"
NBA 2K17,,,,,,X360,,,2016,Sports-Take-Two Interactive,,"0,04",0,0,"0,01","0,05"
NBA 2K17,,,PS3,,,,,,2016,Sports-Take-Two Interactive,,"0,03","0,01",0,"0,01","0,05"
NBA 2K16,,,,,,,PS4,,2015,Sports-Take-Two Interactive,,"2,48","0,65","0,03","0,69","3,85"
NBA 2K16,,,,,,,,XOne,2015,Sports-Take-Two Interactive,,"1,93","0,14",0,"0,24","2,32"
NBA 2K16,,,,,,X360,,,2015,Sports-Take-Two Interactive,,"0,77","0,1",0,"0,1","0,97"
NBA 2K16,,,PS3,,,,,,2015,Sports-Take-Two Interactive,,"0,44","0,19","0,03","0,13","0,8"
NBA 2K16,,PC,,,,,,,2015,Sports-Take-Two Interactive,,"0,02","0,06",0,"0,01","0,09"
NBA 2K16,,,,,,X360,,,2015,Sports-Take-Two Interactive,,"0,77","0,1",0,"0,1","0,97"
Natsuiro High School: Seishun Hakusho,,,,,,,PS4,,2015,Action-D3Publisher,,0,0,"0,02",0,"0,02"
Natsuiro High School: Seishun Hakusho,,,PS3,,,,,,2015,Action-D3Publisher,,0,0,"0,02",0,"0,02"
NASCAR Heat Evolution,,,,,,,PS4,,2016,Racing-Dusenberry Martin Racing,,"0,03",0,0,"0,01","0,03"
NASCAR Heat Evolution,,,,,,,,XOne,2016,Racing-Dusenberry Martin Racing,,"0,02",0,0,0,"0,02"
NASCAR Heat Evolution,,,,,,,,XOne,2016,Racing-Dusenberry Martin Racing,,"0,02",0,0,0,"0,02"
NASCAR '15,,,,,,X360,,,2015,Sports-Deep Silver,,"0,15",0,0,"0,02","0,17"
Naruto Shippuden: Ultimate Ninja Storm Collection,,,PS3,,,,,,2016,Action-Namco Bandai Games,,0,"0,02",0,0,"0,02"
Naruto Shippuden: Ultimate Ninja Storm Collection,,,PS3,,,,,,2016,Action-Namco Bandai Games,,0,"0,02",0,0,"0,02"
Naruto Shippuden: Ultimate Ninja Storm 4,,,,,,,PS4,,2016,Fighting-Namco Bandai Games,,"0,39","0,41","0,1","0,16","1,06"
Naruto Shippuden: Ultimate Ninja Storm 4,,,,,,,,XOne,2016,Fighting-Namco Bandai Games,,"0,19","0,06",0,"0,03","0,28"
My Hero Academia: Battle for All,3DS,,,,,,,,2016,Action-Namco Bandai Games,,0,0,"0,03",0,"0,03"
MXGP 2,,,,,,,PS4,,2016,Racing-Milestone S.r.l.,,"0,02","0,05",0,"0,01","0,08"
MXGP 2,,,,,,,,XOne,2016,Racing-Milestone S.r.l.,,"0,02","0,02",0,0,"0,05"
MXGP 2,,PC,,,,,,,2016,Racing-Milestone S.r.l.,,0,"0,01",0,0,"0,01"
MX vs. ATV Supercross Encore,,,,,,,PS4,,2015,Sports-Nordic Games,,0,"0,05",0,"0,01","0,06"
MX vs. ATV Supercross Encore,,,,,,,,XOne,2015,Sports-Nordic Games,,"0,02",0,0,0,"0,02"
MuvLuv Double Pack,,,,,PSV,,,,2016,Adventure-5pb,,0,0,"0,02",0,"0,02"
MuvLuv Double Pack,,,,,PSV,,,,2016,Adventure-5pb,,0,0,"0,02",0,"0,02"
MotoGP 15,,,,,,,PS4,,2015,Racing-Milestone S.r.l.,,0,"0,12","0,03","0,02","0,17"
MotoGP 15,,,PS3,,,,,,2015,Racing-Milestone S.r.l.,,0,"0,03","0,03","0,01","0,07"
MotoGP 15,,,,,,,,XOne,2015,Racing-Milestone S.r.l.,,0,"0,03",0,0,"0,03"
MotoGP 15,,,,,,X360,,,2015,Racing-Milestone S.r.l.,,0,"0,01",0,0,"0,01"
"Moshi, Kono Sekai ni Kami-sama ga Iru to suru Naraba.",,,,,PSV,,,,2016,Adventure-N/A,,0,0,"0,02",0,"0,02"
Mortal Kombat X,,,,,,,PS4,,2015,Fighting-Warner Bros. Interactive Entertainment,,"1,47","0,76",0,"0,47","2,7"
Mortal Kombat X,,,,,,,,XOne,2015,Fighting-Warner Bros. Interactive Entertainment,,1,"0,21",0,"0,13","1,35"
Mortal Kombat X,,PC,,,,,,,2015,Fighting-Warner Bros. Interactive Entertainment,,"0,01","0,04",0,0,"0,05"
Monster Strike 3DS,3DS,,,,,,,,2015,"Action-mixi, Inc",,0,0,"0,86",0,"0,86"
Monster Hunter X,3DS,,,,,,,,2015,Action-Capcom,,"0,25","0,19","2,78","0,04","3,26"
Monster Hunter Diary: Poka Poka Airou Village DX,3DS,,,,,,,,2015,Action-Capcom,,0,0,"0,14",0,"0,14"
Monster High: New Ghoul in School,,,PS3,,,,,,2015,Action-Little Orbit,,0,"0,06",0,"0,01","0,07"
Monster High: New Ghoul in School,,,,,,X360,,,2015,Action-Little Orbit,,0,"0,04",0,0,"0,04"
Monster High: New Ghoul in School,3DS,,,,,,,,2015,Action-Little Orbit,,0,"0,03",0,0,"0,04"
Mobile Suit Gundam: Extreme VS Force,,,,,PSV,,,,2015,Action-Namco Bandai Games,,0,0,"0,16",0,"0,16"
MLB 16: The Show,,,,,,,PS4,,2016,Action-Sony Computer Entertainment,,"0,68",0,0,"0,16","0,84"
MLB 16: The Show,,,PS3,,,,,,2016,Action-Sony Computer Entertainment,,"0,13",0,0,"0,03","0,16"
MLB 15: The Show,,,,,,,PS4,,2015,Sports-Sony Computer Entertainment,,"0,67","0,08",0,"0,17","0,92"
MLB 15: The Show,,,PS3,,,,,,2015,Sports-Sony Computer Entertainment,,"0,3","0,01",0,"0,07","0,39"
MLB 15: The Show,,,,,PSV,,,,2015,Sports-Sony Computer Entertainment,,"0,03",0,0,"0,01","0,04"
Mirror's Edge Catalyst,,,,,,,PS4,,2016,Platform-Electronic Arts,,"0,1","0,14","0,02","0,06","0,32"
Mirror's Edge Catalyst,,,,,,,,XOne,2016,Platform-Electronic Arts,,"0,08","0,05",0,"0,02","0,15"
Mirror's Edge Catalyst,,PC,,,,,,,2016,Platform-Electronic Arts,,"0,01","0,03",0,"0,01","0,05"
Miracle Girls Festival,,,,,PSV,,,,2015,Misc-Sega,,0,0,"0,05",0,"0,05"
Minecraft: Story Mode,,,,,,X360,,,2015,Adventure-Mojang,,"0,46","0,38",0,"0,08","0,91"
Minecraft: Story Mode,,,PS3,,,,,,2015,Adventure-Mojang,,"0,25","0,33",0,"0,11","0,69"
Minecraft: Story Mode,,,,,,,PS4,,2015,Adventure-Mojang,,"0,23","0,33",0,"0,11","0,67"
Minecraft: Story Mode,,,,,,,,XOne,2015,Adventure-Mojang,,"0,29","0,21",0,"0,05","0,54"
Minecraft: Story Mode,,PC,,,,,,,2015,Adventure-Mojang,,"0,02","0,05",0,"0,01","0,08"
Mighty No. 9,,,,,,,PS4,,2016,Platform-Deep Silver,,"0,04",0,0,"0,01","0,05"
Mighty No. 9,,,,,,,,XOne,2016,Platform-Deep Silver,,"0,01",0,0,0,"0,01"
Might & Magic Heroes VII,,PC,,,,,,,2015,Strategy-Ubisoft,,0,"0,08",0,0,"0,09"
Metroid Prime: Federation Force,3DS,,,,,,,,2016,Action-Nintendo,,"0,02","0,01","0,01",0,"0,03"
Metal Gear Solid V: The Phantom Pain,,,,,,,PS4,,2015,Action-Konami Digital Entertainment,,"1,08","1,35","0,48","0,47","3,38"
Metal Gear Solid V: The Phantom Pain,,,,,,,,XOne,2015,Action-Konami Digital Entertainment,,"0,37","0,26","0,01","0,06","0,71"
Metal Gear Solid V: The Phantom Pain,,,PS3,,,,,,2015,Action-Konami Digital Entertainment,,"0,21","0,18","0,22","0,08","0,7"
Metal Gear Solid V: The Phantom Pain,,,,,,X360,,,2015,Action-Konami Digital Entertainment,,"0,12","0,08",0,"0,02","0,21"
Metal Gear Solid V: The Phantom Pain,,PC,,,,,,,2015,Action-Konami Digital Entertainment,,0,"0,07",0,0,"0,08"
MeiQ no Chika Ni Shisu: A Maze to Eradicate Them All,,,,,PSV,,,,2015,Role-Playing-Idea Factory,,0,"0,01","0,01",0,"0,03"
Meiji Toukyou Renka: Twilight Kiss,,,,PSP,,,,,2015,Action-Broccoli,,0,0,"0,02",0,"0,02"
MegaTagmension Blanc + Neptune VS Zombies,,,,,PSV,,,,2015,Action-Idea Factory International,,"0,02","0,03","0,05","0,01","0,12"
Mega Man Legacy Collection,3DS,,,,,,,,2016,Platform-Capcom,,"0,13",0,"0,05","0,02","0,2"
Mega Man Legacy Collection,,,,,,,PS4,,2016,Platform-Capcom,,"0,06",0,0,"0,01","0,07"
Medarot 9: Kabuto Ver. / Kuwagata Ver.,3DS,,,,,,,,2015,Role-Playing-Rocket Company,,0,0,"0,03",0,"0,03"
Medabots Girls Mission: Metabee Ver. / Rokusho Ver.,3DS,,,,,,,,2016,Role-Playing-Rocket Company,,0,0,"0,03",0,"0,03"
Medabots 9: Metabee / Rokusho,3DS,,,,,,,,2015,Role-Playing-Rocket Company,,0,0,"0,03",0,"0,03"
Mario vs. Donkey Kong: Tipping Stars,3DS,,,,,,,,2015,Puzzle-Nintendo,,0,0,"0,06",0,"0,06"
Mario & Sonic at the Rio 2016 Olympic Games,3DS,,,,,,,,2016,Action-Nintendo,,"0,04","0,16","0,24","0,01","0,46"
Mario & Luigi: Paper Jam & Mario Kart 7 Double Pack,3DS,,,,,,,,2015,Misc-Nintendo,,0,0,"0,01",0,"0,01"
Mario & Luigi: Paper Jam,3DS,,,,,,,,2015,Role-Playing-Nintendo,,"0,16","0,3","0,25","0,04","0,74"
Madden NFL 17,,,,,,,PS4,,2016,Sports-Electronic Arts,,"0,92","0,08",0,"0,23","1,23"
Madden NFL 17,,,,,,,,XOne,2016,Sports-Electronic Arts,,"0,72","0,02",0,"0,09","0,82"
Madden NFL 17,,,,,,X360,,,2016,Sports-Electronic Arts,,"0,06","0,01",0,"0,01","0,08"
Madden NFL 17,,,PS3,,,,,,2016,Sports-Electronic Arts,,"0,05","0,01",0,"0,01","0,08"
Madden NFL 16,,,,,,,PS4,,2015,Sports-Electronic Arts,,"2,33","0,3",0,"0,59","3,22"
Madden NFL 16,,,,,,,,XOne,2015,Sports-Electronic Arts,,"2,07","0,08",0,"0,26","2,4"
Madden NFL 16,,,,,,X360,,,2015,Sports-Electronic Arts,,"0,82","0,05",0,"0,1","0,98"
Madden NFL 16,,,PS3,,,,,,2015,Sports-Electronic Arts,,"0,56","0,11",0,"0,15","0,82"
Madden NFL 16,,,,,,X360,,,2015,Sports-Electronic Arts,,"0,82","0,05",0,"0,1","0,98"
Mad Max (2015),,,,,,,PS4,,2015,Action-Warner Bros. Interactive Entertainment,,"0,32","0,58","0,04","0,17","1,11"
Mad Max (2015),,,,,,,,XOne,2015,Action-Warner Bros. Interactive Entertainment,,"0,26","0,16",0,"0,04","0,46"
Luminous Arc Infinity,,,,,PSV,,,,2015,Action-Marvel Entertainment,,0,0,"0,05",0,"0,05"
Lovely x Cation 1 & 2,,,,,PSV,,,,2015,Action-5pb,,0,0,"0,02",0,"0,02"
Lost Heroes 2,3DS,,,,,,,,2015,Action-Namco Bandai Games,,0,0,"0,07",0,"0,07"
Looney Tunes: Galactic Sports,,,,,PSV,,,,2015,Action-Sony Computer Entertainment,,0,"0,06",0,"0,02","0,08"
Life is Strange,,,,,,,PS4,,2016,Adventure-Square Enix,,"0,14","0,15","0,03","0,06","0,37"
Life is Strange,,,,,,,,XOne,2016,Adventure-Square Enix,,"0,08","0,02",0,"0,01","0,11"
Life is Strange,,PC,,,,,,,2016,Adventure-Square Enix,,"0,01","0,03",0,0,"0,04"
Let's Sing 2016,,,,,,,PS4,,2015,Action-FuRyu Corporation,,"0,02",0,0,"0,01","0,03"
Lego Star Wars: The Force Awakens,,,,,,,PS4,,2016,Action-Warner Bros. Interactive Entertainment,,"0,14","0,32",0,"0,08","0,54"
Lego Star Wars: The Force Awakens,,,,,,,,XOne,2016,Action-Warner Bros. Interactive Entertainment,,"0,12","0,1",0,"0,02","0,24"
Lego Star Wars: The Force Awakens,,,PS3,,,,,,2016,Action-Warner Bros. Interactive Entertainment,,"0,03","0,07",0,"0,02","0,12"
Lego Star Wars: The Force Awakens,,,,,,X360,,,2016,Action-Warner Bros. Interactive Entertainment,,"0,04","0,06",0,"0,01","0,11"
Lego Star Wars: The Force Awakens,,,,,PSV,,,,2016,Action-Warner Bros. Interactive Entertainment,,"0,02","0,05",0,"0,02","0,09"
Lego Star Wars: The Force Awakens,3DS,,,,,,,,2016,Action-Warner Bros. Interactive Entertainment,,"0,02","0,04",0,0,"0,07"
LEGO Ninjago: Shadow of Ronin,,,,,PSV,,,,2015,Action-Warner Bros. Interactive Entertainment,,"0,03","0,16",0,"0,05","0,24"
LEGO Ninjago: Shadow of Ronin,3DS,,,,,,,,2015,Action-Warner Bros. Interactive Entertainment,,"0,05","0,1","0,04","0,01","0,21"
LEGO Marvel's Avengers,,,,,,,PS4,,2016,Action-Warner Bros. Interactive Entertainment,,"0,25","0,29",0,"0,1","0,64"
LEGO Marvel's Avengers,,,,,,X360,,,2016,Action-Warner Bros. Interactive Entertainment,,"0,17","0,15",0,"0,03","0,34"
LEGO Marvel's Avengers,,,,,,,,XOne,2016,Action-Warner Bros. Interactive Entertainment,,"0,18","0,11",0,"0,03","0,32"
LEGO Marvel's Avengers,,,PS3,,,,,,2016,Action-Warner Bros. Interactive Entertainment,,"0,1","0,17",0,"0,05","0,32"
LEGO Marvel's Avengers,,,,,PSV,,,,2016,Action-Warner Bros. Interactive Entertainment,,"0,07","0,11",0,"0,05","0,23"
LEGO Marvel's Avengers,3DS,,,,,,,,2016,Action-Warner Bros. Interactive Entertainment,,"0,07","0,08","0,01","0,01","0,18"
LEGO Jurassic World,,,,,,X360,,,2015,Action-Warner Bros. Interactive Entertainment,,"0,47","0,4",0,"0,08","0,95"
LEGO Jurassic World,,,PS3,,,,,,2015,Action-Warner Bros. Interactive Entertainment,,"0,34","0,44",0,"0,15","0,93"
LEGO Jurassic World,,,,,,,PS4,,2015,Action-Warner Bros. Interactive Entertainment,,"0,32","0,42","0,01","0,14","0,89"
LEGO Jurassic World,,,,,,,,XOne,2015,Action-Warner Bros. Interactive Entertainment,,"0,35","0,22",0,"0,06","0,63"
LEGO Jurassic World,3DS,,,,,,,,2015,Action-Warner Bros. Interactive Entertainment,,"0,31","0,22","0,03","0,05","0,6"
LEGO Jurassic World,,,,,PSV,,,,2015,Action-Warner Bros. Interactive Entertainment,,"0,09","0,23",0,"0,09","0,41"
LEGO Jurassic World,,PC,,,,,,,2015,Action-Warner Bros. Interactive Entertainment,,0,"0,04",0,0,"0,04"
LEGO Jurassic World,,,,,,X360,,,2015,Action-Warner Bros. Interactive Entertainment,,"0,47","0,4",0,"0,08","0,95"
LEGO Jurassic World,,,PS3,,,,,,2015,Action-Warner Bros. Interactive Entertainment,,"0,34","0,44",0,"0,15","0,93"
LEGO Dimensions,,,,,,,PS4,,2015,Action-Warner Bros. Interactive Entertainment,,"0,22","0,32",0,"0,1","0,64"
LEGO Dimensions,,,,,,X360,,,2015,Action-Warner Bros. Interactive Entertainment,,"0,24","0,28",0,"0,05","0,56"
LEGO Dimensions,,,PS3,,,,,,2015,Action-Warner Bros. Interactive Entertainment,,"0,15","0,3",0,"0,09","0,54"
LEGO Dimensions,,,,,,,,XOne,2015,Action-Warner Bros. Interactive Entertainment,,"0,21","0,13",0,"0,03","0,37"
Legend of Kay Anniversary,,,,,,,PS4,,2015,Action-Nordic Games,,0,"0,02",0,0,"0,02"
Legend of Kay,,,,,,,PS4,,2015,Action-Nordic Games,,"0,02","0,03",0,"0,01","0,06"
Langrisser: Re:Incarnation Tensei,3DS,,,,,,,,2015,Role-Playing-Extreme Entertainment Group,,"0,02",0,"0,01",0,"0,03"
La Corda d'Oro 4,,,,,PSV,,,,2016,Action-Tecmo Koei,,0,0,"0,02",0,"0,02"
La Corda d'Oro 4,,,,,PSV,,,,2016,Action-Tecmo Koei,,0,0,"0,02",0,"0,02"
Kuroko's Basketball: Ties to Future,3DS,,,,,,,,2015,Action-Namco Bandai Games,,0,0,"0,08",0,"0,08"
Kurogane Kaikitan,,,,,PSV,,,,2015,Adventure-Minato Station,,0,0,"0,01",0,"0,01"
Kung Fu Panda: Showdown of Legendary Legends,,,,,,X360,,,2015,Action-Little Orbit,,0,"0,03",0,0,"0,03"
Kung Fu Panda: Showdown of Legendary Legends,,,PS3,,,,,,2015,Action-Little Orbit,,0,"0,02",0,0,"0,02"
Kung Fu Panda: Showdown of Legendary Legends,3DS,,,,,,,,2015,Action-Little Orbit,,0,"0,02",0,0,"0,02"
Koihime Enbu,,,,,,,PS4,,2016,Fighting-Yeti,,0,0,"0,02",0,"0,02"
Koihime Enbu,,,,,,,PS4,,2016,Fighting-Yeti,,0,0,"0,02",0,"0,02"
Kisuato,,,,,PSV,,,,2015,Adventure-TGL,,0,0,"0,03",0,"0,03"
Kirby: Planet Robobot,3DS,,,,,,,,2016,Action-Nintendo,,"0,26","0,1","0,44","0,04","0,85"
Kiniro no Corda 3,3DS,,,,,,,,2015,Adventure-Tecmo Koei,,0,0,"0,01",0,"0,01"
Kenka Banchou 6: Soul & Blood,3DS,,,,,,,,2015,Fighting-Screenlife,,0,0,"0,07",0,"0,07"
Kenka Bancho Otome,,,,,PSV,,,,2016,Action-Screenlife,,0,0,"0,02",0,"0,02"
Kenka Bancho Otome,,,,,PSV,,,,2016,Action-Screenlife,,0,0,"0,02",0,"0,02"
Kan Colle Kai,,,,,PSV,,,,2016,Action-Kadokawa Games,,0,0,"0,19",0,"0,19"
Kamigami no Asobi InFinite,,,,,PSV,,,,2016,Adventure-Broccoli,,0,0,"0,01",0,"0,01"
Kamen Rider: Battride War Genesis,,,,,,,PS4,,2016,Action-Namco Bandai Games,,0,0,"0,05",0,"0,05"
Kamen Rider: Battride War Genesis,,,,,PSV,,,,2016,Action-Namco Bandai Games,,0,0,"0,05",0,"0,05"
Kamen Rider: Battride War Genesis,,,PS3,,,,,,2016,Action-Namco Bandai Games,,0,0,"0,04",0,"0,04"
Kaleidoeve,,,,,PSV,,,,2015,Adventure-HuneX,,0,0,"0,02",0,"0,02"
Kaitou Joker: Toki o Koeru Kaitou to Ushinawareta Houseki,3DS,,,,,,,,2015,Action-Namco Bandai Games,,0,0,"0,01",0,"0,01"
Just Dance: Disney Party 2,,,,,,X360,,,2015,Action-Ubisoft,,"0,05","0,01",0,"0,01","0,07"
Just Dance: Disney Party 2,,,,,,,,XOne,2015,Action-Ubisoft,,"0,05","0,01",0,"0,01","0,07"
Just Dance 2016,,,,,,X360,,,2015,Misc-Ubisoft,,"0,23","0,1",0,"0,03","0,36"
Just Dance 2016,,,,,,,PS4,,2015,Misc-Ubisoft,,"0,16","0,13",0,"0,06","0,35"
Just Dance 2016,,,,,,,,XOne,2015,Misc-Ubisoft,,"0,24","0,04",0,"0,03","0,32"
Just Dance 2016,,,PS3,,,,,,2015,Misc-Ubisoft,,"0,1","0,08",0,"0,04","0,22"
Just Cause 3,,,,,,,PS4,,2015,Action-Square Enix,,"0,46","1,02","0,07","0,28","1,83"
Just Cause 3,,,,,,,,XOne,2015,Action-Square Enix,,"0,42","0,38",0,"0,07","0,88"
Just Cause 3,,PC,,,,,,,2015,Action-Square Enix,,"0,03","0,11",0,"0,01","0,14"
JoJo's Bizarre Adventure: Eyes of Heaven,,,,,,,PS4,,2015,Fighting-Namco Bandai Games,,0,0,"0,03",0,"0,03"
JoJo's Bizarre Adventure: Eyes of Heaven,,,PS3,,,,,,2015,Fighting-Namco Bandai Games,,0,0,"0,03",0,"0,03"
Jikkyou Powerful Pro Baseball 2016,,,,,PSV,,,,2016,Sports-Konami Digital Entertainment,,0,0,"0,17",0,"0,17"
Jikkyou Powerful Pro Baseball 2016,,,,,,,PS4,,2016,Sports-Konami Digital Entertainment,,0,0,"0,17",0,"0,17"
Jikkyou Powerful Pro Baseball 2016,,,PS3,,,,,,2016,Sports-Konami Digital Entertainment,,0,0,"0,11",0,"0,11"
J Stars Victory Vs.,,,,,,,PS4,,2015,Fighting-Namco Bandai Games,,"0,07","0,14",0,"0,04","0,25"
Irotoridori no Sekai: World's End Re-Birth,,,,,PSV,,,,2015,Action-HuneX,,0,0,"0,01",0,"0,01"
Infinite Stratos 2: Love and Purge,,,,,PSV,,,,2015,Action-5pb,,0,0,"0,01",0,"0,01"
IA/VT Colorful,,,,,PSV,,,,2015,Misc-Marvelous Entertainment,,0,0,"0,07",0,"0,07"
I Doll U,,,,,PSV,,,,2015,Adventure-Idea Factory,,0,0,"0,02",0,"0,02"
Hyrule Warriors,3DS,,,,,,,,2016,Action-Nintendo,,"0,16","0,12","0,11","0,03","0,42"
Hyperdimension Neptunia Vs. Sega Hard Girls: Yume no Gattai Special,,,,,PSV,,,,2015,Role-Playing-Compile Heart,,0,0,"0,03",0,"0,03"
Hyperdimension Neptunia Victory II,,,,,,,PS4,,2015,Role-Playing-Idea Factory International,,0,0,"0,04",0,"0,04"
Hyakka Yakou,,,,,PSV,,,,2015,Action-Unknown,,0,0,"0,01",0,"0,01"
Hyakka Hyakurou: Sengoku Ninpoujou,,,,,PSV,,,,2016,Adventure-D3Publisher,,0,0,"0,02",0,"0,02"
"Horse Life 4: My Horse, My Friend, My Champion",3DS,,,,,,,,2015,Action-Unknown,,0,"0,01",0,0,"0,01"
Homefront: The Revolution,,,,,,,PS4,,2016,Shooter-Deep Silver,,"0,05","0,19","0,03","0,04","0,31"
Homefront: The Revolution,,,,,,,,XOne,2016,Shooter-Deep Silver,,"0,05","0,07",0,"0,01","0,12"
Homefront: The Revolution,,PC,,,,,,,2016,Shooter-Deep Silver,,0,"0,02",0,0,"0,02"
Hitotsu Tobashi Renai V,,,,,PSV,,,,2015,Adventure-Kaga Create,,0,0,"0,01",0,"0,01"
Hitman (2016),,,,,,,PS4,,2016,Action-Square Enix,,0,"0,04",0,"0,01","0,04"
Hitman (2016),,,,,,,,XOne,2016,Action-Square Enix,,0,"0,01",0,0,"0,01"
Himoutou! Umaru-Chan: Himoutou Ikusei Keikaku,,,,,PSV,,,,2015,Simulation-FuRyu,,0,0,"0,03",0,"0,03"
Higurashi no Naku Koro ni Iki,,,,,PSV,,,,2015,Action-Kaga Create,,0,0,"0,03",0,"0,03"
Higurashi no Naku Koro ni Iki,,,PS3,,,,,,2015,Action-Kaga Create,,0,0,"0,01",0,"0,01"
Hearts of Iron IV,,PC,,,,,,,2016,Strategy-Paradox Interactive,,0,"0,03",0,0,"0,03"
Hatsune Miku: Project Mirai DX,3DS,,,,,,,,2015,Misc-Sega,,"0,15","0,04","0,1","0,02","0,31"
Hatsune Miku: Project Diva X,,,,,PSV,,,,2016,Misc-Sega,,"0,01",0,"0,1",0,"0,12"
Hatsune Miku: Project Diva X,,,,,,,PS4,,2016,Misc-Sega,,"0,01",0,"0,02",0,"0,04"
Hasbro Family Fun Pack,,,,,,,,XOne,2015,Misc-Ubisoft,,"0,1","0,02",0,"0,01","0,13"
Harukanaru Toki no Naka de 6,,,,,PSV,,,,2015,Action-Tecmo Koei,,0,0,"0,03",0,"0,03"
Harukanaru Toki no Naka de 6,,,,PSP,,,,,2015,Action-Tecmo Koei,,0,0,"0,02",0,"0,02"
Handball 16,,,,,,,PS4,,2015,Sports-Bigben Interactive,,0,"0,05",0,"0,01","0,06"
Handball 16,,,PS3,,,,,,2015,Sports-Bigben Interactive,,0,"0,04",0,"0,01","0,05"
Handball 16,,,,,,X360,,,2015,Sports-Bigben Interactive,,0,"0,01",0,0,"0,01"
Halo 5: Guardians,,,,,,,,XOne,2015,Shooter-Microsoft Game Studios,,"2,64","1,2","0,03","0,39","4,26"
Hakuoki: Shinkai - Hana no Shou,,,,,PSV,,,,2016,Adventure-Idea Factory,,0,0,"0,02",0,"0,02"
Hakuoki: Shinkai - Furi no Shou,,,,,PSV,,,,2015,Action-Idea Factory,,0,0,"0,02",0,"0,02"
Hakuoki: Reimeiroku - Omouhase Kara,,,,,PSV,,,,2015,Action-Idea Factory,,0,0,"0,01",0,"0,01"
Hakuoki Zuisouroku Omokage Hana,,,,,PSV,,,,2015,Action-Idea Factory,,0,0,"0,03",0,"0,03"
Haikyu!! Cross Team Match!,3DS,,,,,,,,2016,Adventure-Namco Bandai Games,,0,0,"0,04",0,"0,04"
Gundam Breaker 3,,,,,PSV,,,,2016,Action-Namco Bandai Games,,0,0,"0,12",0,"0,12"
Gundam Breaker 3,,,,,,,PS4,,2016,Action-Namco Bandai Games,,0,0,"0,09",0,"0,09"
Guitar Hero Live,,,,,,,PS4,,2015,Misc-Activision,,"0,32","0,35",0,"0,13","0,81"
Guitar Hero Live,,,,,,,,XOne,2015,Misc-Activision,,"0,29","0,17",0,"0,05","0,51"
Guitar Hero Live,,,PS3,,,,,,2015,Misc-Activision,,"0,09","0,14",0,"0,05","0,28"
Guitar Hero Live,,,,,,X360,,,2015,Misc-Activision,,"0,12","0,1",0,"0,02","0,24"
Guilty Gear Xrd -Revelator-,,,,,,,PS4,,2016,Fighting-PQube,,"0,02",0,"0,05",0,"0,07"
Guilty Gear Xrd -Revelator-,,,PS3,,,,,,2016,Fighting-PQube,,"0,01","0,02","0,02","0,01","0,07"
Gudetama: Hanjuku de Tanomuwa,3DS,,,,,,,,2015,Action-Rocket Company,,0,0,"0,03",0,"0,03"
Great Phoenix Wright: Ace Attorney - Naruhodou Ryuunosuke no Bouken,3DS,,,,,,,,2015,Action-Capcom,,0,0,"0,19",0,"0,19"
Gravity Rush Remastered,,,,,,,PS4,,2015,Action-Sony Computer Entertainment,,"0,02","0,05","0,04","0,01","0,13"
Gravity Falls: Legend of the Gnome Gemulets,3DS,,,,,,,,2015,Action-Ubisoft,,"0,03",0,0,0,"0,04"
Grand Theft Auto V,,PC,,,,,,,2015,Action-Take-Two Interactive,,"0,36","0,64",0,"0,08","1,08"
Grand Theft Auto V,,PC,,,,,,,2015,Action-Take-Two Interactive,,"0,36","0,64",0,"0,08","1,08"
Grand Kingdom,,,,,PSV,,,,2015,Role-Playing-Nippon Ichi Software,,"0,01","0,02","0,04","0,01","0,07"
Grand Kingdom,,,,,,,PS4,,2015,Role-Playing-Nippon Ichi Software,,"0,02",0,"0,03",0,"0,06"
Grand Ages: Medieval,,,,,,,PS4,,2015,Strategy-Kalypso Media,,0,"0,05","0,01","0,01","0,07"
Grand Ages: Medieval,,PC,,,,,,,2015,Strategy-Kalypso Media,,0,"0,04",0,0,"0,05"
Goosebumps: The Game,3DS,,,,,,,,2015,Adventure-WayForward Technologies,,"0,05",0,0,"0,01","0,05"
God of War III,,,,,,,PS4,,2015,Action-Sony Computer Entertainment,,"0,23","0,29","0,01","0,1","0,63"
God Eater Resurrection,,,,,PSV,,,,2015,Action-Namco Bandai Games,,0,0,"0,19",0,"0,19"
God Eater Resurrection,,,,,,,PS4,,2015,Action-Namco Bandai Games,,0,0,"0,08",0,"0,08"
God Eater Off Shot:Shiou-hen Twin Pack & Animation Vol.5,,,,,,,PS4,,2016,Misc-Namco Bandai Games,,0,0,"0,01",0,"0,01"
God Eater Off Shot: Tachibana Sakuya-hen Twin Pack & Animation Vol.7,,,,,,,PS4,,2016,Action-Namco Bandai Games,,0,0,"0,01",0,"0,01"
God Eater Off Shot: Soma Shikkuzaru-hen Twin Pack & Animation Vol.4,,,,,,,PS4,,2016,Action-Namco Bandai Games,,0,0,"0,01",0,"0,01"
God Eater Off Shot: Soma Shikkuzaru-hen Twin Pack & Animation Vol.4,,,,,,,PS4,,2016,Action-Namco Bandai Games,,0,0,"0,01",0,"0,01"
God Eater Off Shot: Lindow-hen Twin Pack & Animation Vol. 2,,,,,,,PS4,,2015,Misc-Namco Bandai Games,,0,0,"0,03",0,"0,03"
God Eater 2: Rage Burst,,,,,PSV,,,,2015,Role-Playing-Namco Bandai Games,,0,"0,01","0,37",0,"0,38"
God Eater 2: Rage Burst,,,,,,,PS4,,2015,Role-Playing-Namco Bandai Games,,0,"0,01","0,09",0,"0,1"
Gochuumon wa Usagi Desu ka?? Wonderful Party!,,,,,PSV,,,,2016,Adventure-5pb,,0,0,"0,02",0,"0,02"
Goat Simulator,,,,,,,,XOne,2016,Simulation-Koch Media,,0,"0,01",0,0,"0,01"
Girls Mode 3: Kirakira Code,3DS,,,,,,,,2015,Action-Nintendo,,0,0,"0,23",0,"0,23"
Girl Friend Beta: Kimi to Sugosu Natsuyasumi,,,,,PSV,,,,2015,Action-Namco Bandai Games,,0,0,"0,02",0,"0,02"
Ghostbusters (2016),,,,,,,PS4,,2016,Action-Activision,,"0,02",0,0,"0,01","0,03"
Ghostbusters (2016),,,,,,,,XOne,2016,Action-Activision,,"0,02",0,0,0,"0,02"
Ghostbusters (2016),,,,,,,,XOne,2016,Action-Activision,,"0,02",0,0,0,"0,02"
Genkai Tokki: Seven Pirates,,,,,PSV,,,,2016,Role-Playing-Compile Heart,,0,0,"0,02",0,"0,02"
Genkai Tokki: Seven Pirates,,,,,PSV,,,,2016,Role-Playing-Compile Heart,,0,0,"0,02",0,"0,02"
Genkai Tokki: Moero Crystal,,,,,PSV,,,,2015,Role-Playing-Compile Heart,,0,0,"0,06",0,"0,06"
Gears of War: Ultimate Edition,,,,,,,,XOne,2015,Shooter-Microsoft Game Studios,,"2,38","0,32",0,"0,31",3
Game of Thrones (Telltale),,,PS3,,,,,,2015,Adventure-Telltale Games,,"0,02","0,03",0,"0,01","0,06"
Game of Thrones (Telltale),,,,,,,PS4,,2015,Adventure-Telltale Games,,"0,04",0,0,"0,01","0,05"
Game of Thrones (Telltale),,,,,,X360,,,2015,Adventure-Telltale Games,,"0,02","0,01",0,0,"0,03"
Game of Thrones (Telltale),,,,,,,,XOne,2015,Adventure-Telltale Games,,"0,03",0,0,0,"0,03"
Gal Gun: Double Peace,,,,,PSV,,,,2015,Action-PQube,,0,"0,02","0,01",0,"0,03"
Gakusen Toshi Asterisk Festa: Houka Kenran,,,,,PSV,,,,2016,Fighting-Namco Bandai Games,,0,0,"0,03",0,"0,03"
Fuuraiki 3,,,,,PSV,,,,2015,Action-Unknown,,0,0,"0,01",0,"0,01"
Future Card Buddy Fight: Yuujou no Bakunetsu Fight,3DS,,,,,,,,2015,Action-FuRyu,,0,0,"0,07",0,"0,07"
Forza Motorsport 6,,,,,,,,XOne,2015,Racing-Microsoft Game Studios,,"0,69","0,89","0,03","0,14","1,74"
Forza Horizon 3,,,,,,,,XOne,2016,Racing-Microsoft Game Studios,,"0,15","0,2",0,"0,03","0,38"
Football Manager 2016,,PC,,,,,,,2015,Simulation-Sega,,0,"0,29",0,"0,02","0,31"
Fire Emblem Fates,3DS,,,,,,,,2015,Role-Playing-Nintendo,,"0,71","0,22","0,52","0,1","1,54"
Final Fantasy XIV: Heavensward,,,,,,,PS4,,2015,Action-Square Enix,,0,"0,05","0,06","0,01","0,12"
Final Fantasy XIV: Heavensward,,,PS3,,,,,,2015,Action-Square Enix,,"0,01",0,"0,01",0,"0,02"
Final Fantasy XIV: Heavensward,,PC,,,,,,,2015,Action-Square Enix,,"0,01","0,01",0,0,"0,02"
Final Fantasy X/X-2 HD Remaster,,,,,,,PS4,,2015,Role-Playing-Square Enix,,"0,29","0,25","0,06","0,11","0,71"
Final Fantasy Type-0,,,,,,,PS4,,2015,Role-Playing-Square Enix,,"0,37","0,32","0,15","0,14","0,97"
Final Fantasy Type-0,,,,,,,,XOne,2015,Role-Playing-Square Enix,,"0,15","0,07",0,"0,02","0,25"
Final Fantasy Type-0,,,,,,,PS4,,2015,Role-Playing-Square Enix,,"0,37","0,32","0,15","0,14","0,97"
FIFA 17,,,,,,,PS4,,2016,Sports-Electronic Arts,,"0,28","3,75","0,06","0,69","4,77"
FIFA 17,,,,,,,,XOne,2016,Sports-Electronic Arts,,"0,17","1,26",0,"0,1","1,53"
FIFA 17,,,PS3,,,,,,2016,Sports-Electronic Arts,,"0,02","0,29","0,01","0,05","0,38"
FIFA 17,,,,,,X360,,,2016,Sports-Electronic Arts,,"0,03","0,13",0,"0,01","0,18"
FIFA 17,,PC,,,,,,,2016,Sports-Electronic Arts,,0,"0,05",0,0,"0,05"
FIFA 16,,,,,,,PS4,,2015,Sports-Electronic Arts,,"1,11","6,06","0,06","1,26","8,49"
FIFA 16,,,,,,,,XOne,2015,Sports-Electronic Arts,,"0,88","2,11",0,"0,23","3,23"
FIFA 16,,,PS3,,,,,,2015,Sports-Electronic Arts,,"0,4","1,98","0,05","0,42","2,85"
FIFA 16,,,,,,X360,,,2015,Sports-Electronic Arts,,"0,55","1,01",0,"0,13","1,69"
FIFA 16,,PC,,,,,,,2015,Sports-Electronic Arts,,"0,04","0,13",0,"0,01","0,18"
Farming Simulator 2015,,,PS3,,,,,,2015,Simulation-Koch Media,,"0,11","0,28",0,"0,07","0,46"
Farming Simulator 2015,,,,,,X360,,,2015,Simulation-Koch Media,,"0,21","0,16",0,"0,04","0,41"
Farming Simulator 2015,,,,,,,PS4,,2015,Simulation-Koch Media,,"0,1","0,2",0,"0,05","0,35"
Farming Simulator 2015,,,,,,,,XOne,2015,Simulation-Koch Media,,"0,1","0,07",0,"0,02","0,19"
Farming Simulator 15 Expansion Pack,,PC,,,,,,,2015,Action-Focus Home Interactive,,0,"0,01",0,0,"0,01"
Farming 2017 - The Simulation,,,,,,,PS4,,2016,Simulation-UIG Entertainment,,0,"0,01",0,0,"0,01"
Far Cry: Primal,,,,,,,PS4,,2016,Action-Ubisoft,,"0,59","1,16","0,06","0,33","2,13"
Far Cry: Primal,,,,,,,,XOne,2016,Action-Ubisoft,,"0,46","0,32",0,"0,07","0,85"
Far Cry: Primal,,PC,,,,,,,2016,Action-Ubisoft,,"0,04","0,09",0,"0,01","0,14"
Famista Returns,3DS,,,,,,,,2015,Sports-Namco Bandai Games,,0,0,"0,14",0,"0,14"
Famicom Remix Best Choice,3DS,,,,,,,,2015,Action-Nintendo,,0,0,"0,04",0,"0,04"
Fallout Anthology,,PC,,,,,,,2015,Action-Bethesda Softworks,,0,"0,01",0,0,"0,01"
Fallout 4,,,,,,,PS4,,2015,Role-Playing-Bethesda Softworks,,"2,47","3,15","0,24","1,1","6,96"
Fallout 4,,,,,,,,XOne,2015,Role-Playing-Bethesda Softworks,,"2,45","1,26","0,01","0,37","4,09"
Fallout 4,,PC,,,,,,,2015,Role-Playing-Bethesda Softworks,,"0,5","0,63",0,"0,1","1,23"
Fairy Fencer F: Advent Dark Force,,,,,,,PS4,,2015,Role-Playing-Idea Factory International,,"0,02",0,"0,05",0,"0,07"
F1 2016 (Codemasters),,,,,,,PS4,,2016,Racing-Codemasters,,"0,01","0,21","0,01","0,04","0,27"
F1 2016 (Codemasters),,,,,,,,XOne,2016,Racing-Codemasters,,"0,01","0,07",0,"0,01","0,09"
F1 2016 (Codemasters),,PC,,,,,,,2016,Racing-Codemasters,,0,"0,02",0,0,"0,02"
F1 2015,,,,,,,PS4,,2015,Racing-Codemasters,,"0,09","0,44","0,03","0,09","0,66"
F1 2015,,,,,,,,XOne,2015,Racing-Codemasters,,"0,08","0,15",0,"0,02","0,24"
F1 2015,,PC,,,,,,,2015,Racing-Codemasters,,0,"0,04",0,0,"0,05"
Exist Archive: The Other Side of the Sky,,,,,PSV,,,,2015,Role-Playing-Aksys Games,,0,0,"0,04",0,"0,04"
Exist Archive: The Other Side of the Sky,,,,,,,PS4,,2015,Role-Playing-Aksys Games,,0,0,"0,03",0,"0,03"
Evolve,,,,,,,PS4,,2015,Shooter-Take-Two Interactive,,"0,35","0,41","0,05","0,15","0,95"
Evolve,,,,,,,,XOne,2015,Shooter-Take-Two Interactive,,"0,36","0,2",0,"0,06","0,62"
Evolve,,PC,,,,,,,2015,Shooter-Take-Two Interactive,,"0,07","0,1",0,"0,01","0,18"
Evolve,,,,,,,PS4,,2015,Shooter-Take-Two Interactive,,"0,35","0,41","0,05","0,15","0,95"
Etrian Odyssey V,3DS,,,,,,,,2016,Role-Playing-Atlus,,0,0,"0,12",0,"0,12"
Etrian Mystery Dungeon,3DS,,,,,,,,2015,Role-Playing-Nippon Ichi Software,,"0,09","0,01","0,12","0,01","0,23"
Ebikore Photo Kano Kiss,,,,,PSV,,,,2015,Action-Kadokawa Games,,0,0,"0,03",0,"0,03"
Earth Defense Force 4.1: The Shadow of New Despair,,,,,,,PS4,,2015,Shooter-Xseed Games,,"0,02","0,02",0,"0,01","0,05"
Earth Defense Force 2025.1: The Shadow of New Despair,,,,,,,PS4,,2015,Action-D3Publisher,,0,0,"0,1",0,"0,1"
EA Sports UFC 2,,,,,,,PS4,,2016,Sports-Electronic Arts,,"0,28","0,47",0,"0,14","0,89"
EA Sports UFC 2,,,,,,,,XOne,2016,Sports-Electronic Arts,,"0,23","0,14",0,"0,04","0,4"
Dynasty Warriors: Eiketsuden,,,,,,,PS4,,2016,Action-Tecmo Koei,,0,0,"0,01",0,"0,01"
Dynasty Warriors 8: Empires,,,,,PSV,,,,2015,Action-Tecmo Koei,,0,0,"0,02",0,"0,02"
Dying Light,,,,,,,PS4,,2015,Action-Warner Bros. Interactive Entertainment,,"0,63","0,66","0,11","0,26","1,66"
Dying Light,,,,,,,,XOne,2015,Action-Warner Bros. Interactive Entertainment,,"0,43","0,3","0,01","0,07","0,81"
Dying Light,,PC,,,,,,,2015,Action-Warner Bros. Interactive Entertainment,,"0,11","0,06",0,"0,02","0,18"
Durarara!! Relay,,,,,PSV,,,,2015,Action-Kadokawa Games,,0,0,"0,01",0,"0,01"
Dream Girl Premier,3DS,,,,,,,,2015,Misc-Alchemist,,0,0,"0,03",0,"0,03"
Dragon's Dogma Online: Season 2,,,,,,,PS4,,2016,Action-Capcom,,0,0,"0,01",0,"0,01"
Dragon's Dogma Online,,,,,,,PS4,,2015,Role-Playing-Capcom,,0,0,"0,08",0,"0,08"
Dragon's Dogma Online,,,PS3,,,,,,2015,Role-Playing-Capcom,,0,0,"0,03",0,"0,03"
Dragon Quest VIII: Journey of the Cursed King,3DS,,,,,,,,2015,Role-Playing-Square Enix,,0,0,"0,86",0,"0,86"
Dragon Quest Monsters Joker 3,3DS,,,,,,,,2016,Role-Playing-Square Enix,,0,0,"0,63",0,"0,63"
Dragon Quest Heroes: The World's Tree Woe and the Blight Below,,,,,,,PS4,,2015,Action-Square Enix,,"0,16","0,13","0,37","0,06","0,71"
Dragon Quest Heroes: The World's Tree Woe and the Blight Below,,,PS3,,,,,,2015,Action-Square Enix,,0,0,"0,49",0,"0,49"
Dragon Quest Heroes II: Twin Kings and the Prophecy's End,,,,,,,PS4,,2016,Action-Square Enix,,0,0,"0,28",0,"0,28"
Dragon Quest Heroes II: Twin Kings and the Prophecy's End,,,,,PSV,,,,2016,Action-Square Enix,,0,0,"0,23",0,"0,23"
Dragon Quest Heroes II: Twin Kings and the Prophecy's End,,,PS3,,,,,,2016,Action-Square Enix,,0,0,"0,13",0,"0,13"
Dragon Quest Builders: Revive Alefgard,,,,,PSV,,,,2016,Role-Playing-Square Enix,,0,0,"0,3",0,"0,3"
Dragon Quest Builders: Revive Alefgard,,,,,,,PS4,,2016,Role-Playing-Square Enix,,0,0,"0,22",0,"0,22"
Dragon Quest Builders: Revive Alefgard,,,PS3,,,,,,2016,Role-Playing-Square Enix,,0,0,"0,12",0,"0,12"
Dragon Ball: XenoVerse,,,,,,,PS4,,2015,Fighting-Namco Bandai Games,,"0,3","0,48","0,12","0,15","1,05"
Dragon Ball: XenoVerse,,,PS3,,,,,,2015,Fighting-Namco Bandai Games,,"0,15","0,2","0,14","0,07","0,55"
Dragon Ball: XenoVerse,,,,,,,,XOne,2015,Fighting-Namco Bandai Games,,"0,18","0,11",0,"0,03","0,31"
Dragon Ball: XenoVerse,,,,,,X360,,,2015,Fighting-Namco Bandai Games,,"0,16","0,08",0,"0,02","0,27"
Dragon Ball: XenoVerse,,,,,,,PS4,,2015,Fighting-Namco Bandai Games,,"0,3","0,48","0,12","0,15","1,05"
Dragon Ball: Fusions,3DS,,,,,,,,2016,Role-Playing-Namco Bandai Games,,0,0,"0,17",0,"0,17"
Dragon Ball Z: Extreme Butoden,3DS,,,,,,,,2015,Fighting-Namco Bandai Games,,"0,12","0,03","0,16","0,02","0,33"
Downtown no Gaki no Tsukai Yaarahen de!! Zettai ni Tsukamatte Haikenai Gasu Kurobikari Land,3DS,,,,,,,,2015,Action-Alchemist,,0,0,"0,05",0,"0,05"
Downtown Nekketsu Koushinkyoku: Soreyuke Daiundoukai All-Star Special,,,PS3,,,,,,2015,Action-Arc System Works,,0,0,"0,02",0,"0,02"
Downtown Nekketsu Jidaigek,3DS,,,,,,,,2015,Action-Arc System Works,,0,0,"0,02",0,"0,02"
DoraMoji: Nobita no Kanji Daisakusen,3DS,,,,,,,,2015,Misc-Shogakukan,,0,0,"0,03",0,"0,03"
Doraemon: Shin Nobita no Nihon Tanjou,3DS,,,,,,,,2016,Misc-FuRyu,,0,0,"0,04",0,"0,04"
Doraemon: Nobita no Uchuu Eiyuuki,3DS,,,,,,,,2015,Action-FuRyu,,0,0,"0,06",0,"0,06"
Doom (2016),,,,,,,PS4,,2016,Shooter-Bethesda Softworks,,"0,49","0,66","0,02","0,22","1,39"
Doom (2016),,,,,,,,XOne,2016,Shooter-Bethesda Softworks,,"0,39","0,23",0,"0,06","0,68"
Doom (2016),,PC,,,,,,,2016,Shooter-Bethesda Softworks,,"0,06","0,1",0,"0,01","0,18"
Don Bradman Cricket 14,,,,,,,PS4,,2015,Sports-Tru Blu Entertainment,,"0,01","0,09",0,"0,02","0,12"
Don Bradman Cricket 14,,,,,,,,XOne,2015,Sports-Tru Blu Entertainment,,0,"0,04",0,0,"0,04"
DmC: Devil May Cry,,,,,,,PS4,,2015,Action-Capcom,,"0,12","0,13",0,"0,05","0,3"
DmC: Devil May Cry,,,,,,,,XOne,2015,Action-Capcom,,"0,08","0,04",0,"0,01","0,13"
Divinity: Original Sin,,,,,,,PS4,,2015,Role-Playing-Focus Home Interactive,,"0,09","0,12","0,02","0,04","0,27"
Divinity: Original Sin,,,,,,,,XOne,2015,Role-Playing-Focus Home Interactive,,"0,04","0,02",0,"0,01","0,07"
Disney Magic World 2,3DS,,,,,,,,2015,Action-Nintendo,,0,0,"0,19",0,"0,19"
Disney Infinity 3.0,,,,,,,PS4,,2015,Action-Disney Interactive Studios,,"0,21","0,36",0,"0,11","0,68"
Disney Infinity 3.0,,,PS3,,,,,,2015,Action-Disney Interactive Studios,,"0,14","0,25",0,"0,08","0,47"
Disney Infinity 3.0,,,,,,X360,,,2015,Action-Disney Interactive Studios,,"0,19","0,21",0,"0,04","0,44"
Disney Infinity 3.0,,,,,,,,XOne,2015,Action-Disney Interactive Studios,,"0,18","0,1",0,"0,03","0,31"
Disney Infinity 2.0: Marvel Super Heroes,,,,,PSV,,,,2015,Action-Disney Interactive Studios,,0,"0,11",0,"0,03","0,14"
Disney Art Academy,3DS,,,,,,,,2016,Action-Nintendo,,"0,01","0,01","0,07",0,"0,09"
Dishonored,,,,,,,PS4,,2015,Action-Bethesda Softworks,,"0,11","0,18","0,02","0,06","0,37"
Dishonored,,,,,,,,XOne,2015,Action-Bethesda Softworks,,"0,08","0,05",0,"0,01","0,14"
Disgaea 5: Alliance of Vengeance,,,,,,,PS4,,2015,Role-Playing-Nippon Ichi Software,,"0,1","0,08","0,06","0,04","0,27"
DiRT Rally,,,,,,,PS4,,2016,Racing-Codemasters,,"0,03","0,24",0,"0,05","0,32"
DiRT Rally,,,,,,,,XOne,2016,Racing-Codemasters,,"0,03","0,08",0,"0,01","0,11"
DiRT Rally,,PC,,,,,,,2016,Racing-Codemasters,,0,"0,03",0,0,"0,03"
Dino Dini's Kick Off Revival,,,,,,,PS4,,2016,Sports-Avanquest,,0,"0,02",0,0,"0,02"
Digimon World: Next Order,,,,,PSV,,,,2016,Action-Namco Bandai Games,,0,0,"0,09",0,"0,09"
Digimon Story: Cyber Sleuth,,,,,,,PS4,,2016,Role-Playing-Namco Bandai Games,,0,"0,09",0,"0,02","0,11"
Digimon Story: Cyber Sleuth,,,,,PSV,,,,2015,Role-Playing-Namco Bandai Games,,0,0,"0,17",0,"0,17"
Diabolik Lovers: More Blood,,,,,PSV,,,,2015,Adventure-Idea Factory,,0,0,"0,02",0,"0,02"
Diabolik Lovers: Lunatic Parade,,,,,PSV,,,,2016,Adventure-Idea Factory,,0,0,"0,03",0,"0,03"
Diabolik Lovers: Dark Fate,,,,,PSV,,,,2015,Action-Idea Factory,,0,0,"0,03",0,"0,03"
Devil Survivor: Over Clock,3DS,,,,,,,,2015,Strategy-Atlus,,0,0,"0,02",0,"0,02"
Devil May Cry 4,,,,,,,PS4,,2015,Action-Capcom,,"0,01",0,"0,08",0,"0,09"
Deus Ex: Mankind Divided,,,,,,,PS4,,2016,Role-Playing-Square Enix,,"0,1","0,18",0,"0,05","0,33"
Deus Ex: Mankind Divided,,,,,,,,XOne,2016,Role-Playing-Square Enix,,"0,08","0,06",0,"0,01","0,15"
Deus Ex: Mankind Divided,,PC,,,,,,,2016,Role-Playing-Square Enix,,0,"0,02",0,0,"0,02"
Destiny: The Taken King,,,,,,,PS4,,2015,Shooter-Activision,,"0,77","0,78","0,04","0,31","1,91"
Destiny: The Taken King,,,,,,,,XOne,2015,Shooter-Activision,,"0,82","0,23",0,"0,11","1,17"
Destiny: The Taken King,,,PS3,,,,,,2015,Shooter-Activision,,"0,16","0,17","0,02","0,06","0,41"
Destiny: The Taken King,,,,,,X360,,,2015,Shooter-Activision,,"0,22","0,12",0,"0,03","0,38"
Destiny: The Collection,,,,,,,PS4,,2016,Shooter-Activision,,"0,01","0,04",0,"0,01","0,06"
Destiny: The Collection,,,,,,,,XOne,2016,Shooter-Activision,,"0,01","0,02",0,0,"0,04"
Deadpool,,,,,,,PS4,,2015,Action-Activision,,"0,13","0,1",0,"0,05","0,28"
Deadpool,,,,,,,,XOne,2015,Action-Activision,,"0,08","0,03",0,"0,01","0,12"
Dead Rising,,,,,,,PS4,,2016,Action-Capcom,,"0,01",0,0,0,"0,02"
Dead or Alive Xtreme 3: Venus,,,,,PSV,,,,2016,Sports-Tecmo Koei,,0,0,"0,03",0,"0,03"
Dead or Alive Xtreme 3: Fortune,,,,,,,PS4,,2016,Sports-Tecmo Koei,,0,0,"0,05",0,"0,05"
Dead or Alive 5,,,,,,,PS4,,2015,Fighting-Tecmo Koei,,"0,09","0,13","0,08","0,04","0,33"
Dead or Alive 5,,,,,,,,XOne,2015,Fighting-Tecmo Koei,,"0,04","0,03","0,01","0,01","0,08"
Dead Island Definitive Collection,,,,,,,PS4,,2016,Action-Deep Silver,,"0,02","0,07","0,01","0,02","0,12"
Dead Island Definitive Collection,,,,,,,,XOne,2016,Action-Deep Silver,,"0,02","0,02",0,0,"0,04"
Date-A-Live Twin Edition: Rio Reincarnation,,,,,PSV,,,,2015,Action-Compile Heart,,0,0,"0,02",0,"0,02"
Darksiders II,,,,,,,PS4,,2015,Action-Nordic Games,,"0,09","0,1",0,"0,04","0,22"
Darksiders II,,,,,,,,XOne,2015,Action-Nordic Games,,"0,03","0,02",0,"0,01","0,06"
Dark Souls III,,,,,,,PS4,,2016,Role-Playing-Namco Bandai Games,,"0,58","0,44","0,33","0,21","1,56"
Dark Souls III,,,,,,,,XOne,2016,Role-Playing-Namco Bandai Games,,"0,23","0,09",0,"0,03","0,35"
Dark Souls III,,PC,,,,,,,2016,Role-Playing-Namco Bandai Games,,0,"0,05",0,0,"0,05"
Dark Souls II,,,,,,,PS4,,2015,Role-Playing-Namco Bandai Games,,"0,2","0,22","0,08","0,08","0,59"
Dark Souls II,,,,,,,,XOne,2015,Role-Playing-Namco Bandai Games,,"0,13","0,07",0,"0,02","0,22"
Darius Burst: Chronicle Saviours,,,,,PSV,,,,2016,Action-Kadokawa Games,,0,0,"0,03",0,"0,03"
Dance with Devils,,,,,PSV,,,,2016,Action-N/A,,0,0,"0,01",0,"0,01"
Culdcept Revolt,3DS,,,,,,,,2016,Strategy-Nintendo,,0,0,"0,05",0,"0,05"
Cross Ange: Tenshi to Ryuu no Rondo tr.,,,,,PSV,,,,2015,Action-Namco Bandai Games,,0,0,"0,02",0,"0,02"
Criminal Girls 2,,,,,PSV,,,,2015,Role-Playing-Nippon Ichi Software,,0,0,"0,03",0,"0,03"
Coven and Labyrinth of Refrain,,,,,PSV,,,,2016,Action-Nippon Ichi Software,,0,0,"0,01",0,"0,01"
Coven and Labyrinth of Refrain,,,,,PSV,,,,2016,Action-Nippon Ichi Software,,0,0,"0,01",0,"0,01"
Corpse Party: Blood Covered - Repeated Fear,3DS,,,,,,,,2015,Adventure-5pb,,0,0,"0,04",0,"0,04"
Collar x Malice,,,,,PSV,,,,2016,Action-Idea Factory,,0,0,"0,01",0,"0,01"
Codename: Panzers Complete Collection,,PC,,,,,,,2016,Strategy-Nordic Games,,0,"0,01",0,0,"0,01"
Code Name: S.T.E.A.M.,3DS,,,,,,,,2015,Strategy-Nintendo,,"0,14","0,05","0,01","0,02","0,22"
Clock Zero: Shuuen no Ichibyou - ExTime,,,,,PSV,,,,2015,Action-Idea Factory,,0,0,"0,02",0,"0,02"
Civilization Beyond Earth: Rising Tide,,PC,,,,,,,2015,Strategy-Take-Two Interactive,,0,"0,04",0,0,"0,04"
Cities: Skylines Snowfall,,PC,,,,,,,2016,Simulation-Paradox Development,,0,"0,01",0,0,"0,01"
Cities: Skylines,,PC,,,,,,,2015,Simulation-Paradox Interactive,,0,"0,13",0,"0,01","0,14"
Chou Ezaru wa Akai Hana: Koi wa Tsuki ni Shirube Kareru,,,,,PSV,,,,2016,Action-dramatic create,,0,0,"0,01",0,"0,01"
Chibi-Robo! Zip Lash,3DS,,,,,,,,2015,Platform-Nintendo,,"0,09","0,08","0,06","0,02","0,24"
Chaos;Child,,,,,PSV,,,,2015,Adventure-5pb,,0,0,"0,05",0,"0,05"
Chaos;Child,,,,,,,PS4,,2015,Adventure-5pb,,0,0,"0,01",0,"0,01"
Chaos;Child,,,PS3,,,,,,2015,Adventure-5pb,,0,0,"0,01",0,"0,01"
Carmageddon: Max Damage,,,,,,,,XOne,2016,Action-Stainless Games,,"0,01","0,01",0,0,"0,01"
Card Fight!! Vanguard G: Stride to Victory!!,3DS,,,,,,,,2016,Misc-FuRyu,,0,0,"0,04",0,"0,04"
Call of Duty: Modern Warfare Trilogy,,,PS3,,,,,,2016,Shooter-Activision,,0,"0,01",0,0,"0,02"
Call of Duty: Modern Warfare Trilogy,,,,,,X360,,,2016,Shooter-Activision,,"0,01","0,01",0,0,"0,02"
Call of Duty: Modern Warfare Trilogy,,,,,,X360,,,2016,Shooter-Activision,,"0,01","0,01",0,0,"0,02"
Call of Duty: Black Ops 3,,,,,,,PS4,,2015,Shooter-Activision,,"5,77","5,81","0,35","2,31","14,24"
Call of Duty: Black Ops 3,,,,,,,,XOne,2015,Shooter-Activision,,"4,52","2,09","0,01","0,67","7,3"
Call of Duty: Black Ops 3,,,PS3,,,,,,2015,Shooter-Activision,,"0,49","0,96","0,07","0,27","1,79"
Call of Duty: Black Ops 3,,,,,,X360,,,2015,Shooter-Activision,,"1,11","0,48",0,"0,16","1,76"
Call of Duty: Black Ops 3,,PC,,,,,,,2015,Shooter-Activision,,0,"0,22",0,"0,01","0,23"
Caligula,,,,,PSV,,,,2016,Role-Playing-FuRyu,,0,0,"0,05",0,"0,05"
Bus Simulator 16,,PC,,,,,,,2016,Simulation-Astragon,,0,"0,02",0,0,"0,02"
Bus Simulator 16,,PC,,,,,,,2016,Simulation-Astragon,,0,"0,02",0,0,"0,02"
Bullet Girls 2,,,,,PSV,,,,2016,Action-D3Publisher,,0,0,"0,04",0,"0,04"
Brothers: A Tale of Two Sons,,,,,,,PS4,,2015,Adventure-505 Games,,"0,03","0,08",0,"0,02","0,13"
Brothers: A Tale of Two Sons,,,,,,,,XOne,2015,Adventure-505 Games,,"0,03","0,01",0,0,"0,04"
Brothers Conflict: Precious Baby,,,,,PSV,,,,2017,Action-Idea Factory,,0,0,"0,01",0,"0,01"
Broken Sword 5: The Serpent's Curse,,,,,,,PS4,,2015,Adventure-Revolution Software,,0,"0,06",0,"0,01","0,06"
Broken Sword 5: The Serpent's Curse,,,,,,,,XOne,2015,Adventure-Revolution Software,,0,"0,01",0,0,"0,01"
Bravely Second: End Layer,3DS,,,,,,,,2015,Role-Playing-Nintendo,,"0,16","0,11","0,18","0,03","0,47"
Borderlands: The Handsome Collection,,,,,,,PS4,,2015,Shooter-Take-Two Interactive,,"0,36","0,32","0,03","0,14","0,84"
Borderlands: The Handsome Collection,,,,,,,,XOne,2015,Shooter-Take-Two Interactive,,"0,24","0,13",0,"0,04","0,41"
Bloodborne,,,,,,,PS4,,2015,Action-Sony Computer Entertainment,,1,"0,76","0,26","0,36","2,38"
BlazBlue: Chrono Phantasma Extend,,,,,,,PS4,,2015,Action-PQube,,"0,07","0,03","0,02","0,02","0,14"
BlazBlue: Chrono Phantasma Extend,,,,,PSV,,,,2015,Action-PQube,,0,"0,05",0,"0,01","0,07"
BlazBlue: Chrono Phantasma Extend,,,,,,,,XOne,2015,Action-PQube,,"0,05","0,01",0,"0,01","0,06"
BlazBlue: Chrono Phantasma Extend,,,PS3,,,,,,2015,Action-PQube,,0,0,"0,04",0,"0,04"
Bladestorm: Nightmare,,,,,,,PS4,,2015,Action-Tecmo Koei,,"0,07","0,04","0,03","0,02","0,16"
Bladestorm: Nightmare,,,,,,,,XOne,2015,Action-Tecmo Koei,,"0,03","0,02",0,0,"0,05"
Bladestorm: Nightmare,,,PS3,,,,,,2015,Action-Tecmo Koei,,0,0,"0,03",0,"0,03"
Blade Arcus from Shining EX,,,,,,,PS4,,2015,Fighting-Sega,,0,0,"0,02",0,"0,02"
Blade Arcus from Shining EX,,,PS3,,,,,,2015,Fighting-Sega,,0,0,"0,02",0,"0,02"
Black Rose Valkyrie,,,,,,,PS4,,2016,Role-Playing-Idea Factory,,0,0,"0,02",0,"0,02"
BioShock The Collection,,,,,,,PS4,,2016,Shooter-Take-Two Interactive,,"0,05","0,11","0,01","0,03","0,2"
BioShock The Collection,,,,,,,,XOne,2016,Shooter-Take-Two Interactive,,"0,03","0,04",0,"0,01","0,08"
Battlefield: Hardline,,,,,,,PS4,,2015,Shooter-Electronic Arts,,"0,7","0,93","0,14","0,32","2,09"
Battlefield: Hardline,,,,,,,,XOne,2015,Shooter-Electronic Arts,,"0,72","0,37","0,01","0,11","1,2"
Battlefield: Hardline,,,PS3,,,,,,2015,Shooter-Electronic Arts,,"0,12","0,23","0,07","0,07","0,49"
Battlefield: Hardline,,,,,,X360,,,2015,Shooter-Electronic Arts,,"0,17","0,14",0,"0,03","0,34"
Battlefield: Hardline,,PC,,,,,,,2015,Shooter-Electronic Arts,,0,"0,13",0,"0,01","0,14"
Battleborn,,,,,,,PS4,,2016,Shooter-Take-Two Interactive,,"0,09","0,08","0,01","0,04","0,22"
Battleborn,,,,,,,,XOne,2016,Shooter-Take-Two Interactive,,"0,08","0,04",0,"0,01","0,13"
Battleborn,,PC,,,,,,,2016,Shooter-Take-Two Interactive,,"0,03","0,03",0,"0,01","0,07"
Battle Worlds: Kronos,,PC,,,,,,,2016,Strategy-Nordic Games,,0,"0,01",0,0,"0,01"
Batman: Arkham Knight,,,,,,,PS4,,2015,Action-Warner Bros. Interactive Entertainment,,"1,49","1,58","0,1","0,61","3,79"
Batman: Arkham Knight,,,,,,,,XOne,2015,Action-Warner Bros. Interactive Entertainment,,"0,86","0,46",0,"0,13","1,45"
Batman: Arkham Knight,,PC,,,,,,,2015,Action-Warner Bros. Interactive Entertainment,,"0,08","0,03",0,"0,01","0,13"
Batman: A Telltale Game Series,,,,,,,PS4,,2016,Adventure-Telltale Games,,"0,01","0,02",0,"0,01","0,04"
Batman: A Telltale Game Series,,,PS3,,,,,,2016,Adventure-Telltale Games,,0,"0,01",0,0,"0,01"
Barbie and Her Sisters Puppy Rescue,3DS,,,,,,,,2015,Action-Namco Bandai Games,,0,"0,03",0,0,"0,04"
Barbie and Her Sisters Puppy Rescue,,,PS3,,,,,,2015,Action-Namco Bandai Games,,0,"0,01",0,0,"0,02"
Bad Apple Wars,,,,,PSV,,,,2015,Action-Idea Factory,,0,0,"0,03",0,"0,03"
Back to the Future: The Game,,,,,,,PS4,,2015,Adventure-Telltale Games,,"0,1","0,04",0,"0,03","0,17"
Back to the Future: The Game,,,,,,X360,,,2015,Adventure-Telltale Games,,"0,02","0,01",0,0,"0,03"
Back to the Future: The Game,,,,,,,,XOne,2015,Adventure-Telltale Games,,0,"0,02",0,0,"0,02"
Azure Striker Gunvolt: Striker Pack,3DS,,,,,,,,2016,Action-Inti Creates,,0,0,"0,01",0,"0,01"
Attack on Titan (KOEI),,,,,,,PS4,,2016,Action-Tecmo Koei,,"0,02","0,06","0,11","0,02","0,2"
Attack on Titan (KOEI),,,,,PSV,,,,2016,Action-Tecmo Koei,,0,0,"0,13",0,"0,13"
Attack on Titan (KOEI),,,PS3,,,,,,2016,Action-Tecmo Koei,,0,0,"0,06",0,"0,06"
Attack on Titan (KOEI),,,,,,,,XOne,2016,Action-Tecmo Koei,,"0,01","0,01",0,0,"0,03"
Atelier Sophie: The Alchemist of the Mysterious Book,,,,,,,PS4,,2015,Role-Playing-Tecmo Koei,,"0,01","0,02","0,06","0,01","0,1"
Atelier Sophie: The Alchemist of the Mysterious Book,,,,,PSV,,,,2015,Role-Playing-Tecmo Koei,,0,0,"0,06",0,"0,06"
Atelier Sophie: The Alchemist of the Mysterious Book,,,PS3,,,,,,2015,Role-Playing-Tecmo Koei,,0,0,"0,03",0,"0,03"
Atelier Shallie Plus: Alchemists of the Dusk Sea,,,,,PSV,,,,2016,Role-Playing-Tecmo Koei,,0,0,"0,03",0,"0,03"
Atelier Escha & Logy: Alchemists of the Dusk Sky,,,,,PSV,,,,2015,Role-Playing-Tecmo Koei,,0,0,"0,04",0,"0,04"
Assetto Corsa,,,,,,,PS4,,2016,Racing-505 Games,,0,"0,04",0,"0,01","0,05"
Assetto Corsa,,,,,,,,XOne,2016,Racing-505 Games,,0,"0,01",0,0,"0,01"
Assault Suit Leynos,,,,,,,PS4,,2016,Shooter-Rising Star Games,,"0,01",0,0,0,"0,02"
Assault Suit Leynos,,,,,,,PS4,,2016,Shooter-Rising Star Games,,"0,01",0,0,0,"0,02"
Assassination Classroom: Grand Siege on Kuro-sensei,3DS,,,,,,,,2015,Action-Namco Bandai Games,,0,0,"0,13",0,"0,13"
Assassin's Creed: Rogue,,PC,,,,,,,2015,Action-Ubisoft,,"0,04","0,02",0,"0,01","0,07"
Assassin's Creed Syndicate,,,,,,,PS4,,2015,Action-Ubisoft,,"0,8","1,92","0,06","0,5","3,28"
Assassin's Creed Syndicate,,,,,,,,XOne,2015,Action-Ubisoft,,"0,61","0,56",0,"0,11","1,28"
Assassin's Creed Syndicate,,PC,,,,,,,2015,Action-Ubisoft,,"0,1","0,08",0,"0,02","0,2"
Assassin's Creed Chronicles: China,,,,,,,PS4,,2015,Action-Ubisoft,,0,"0,03",0,"0,01","0,04"
Assassin's Creed Chronicles,,,,,PSV,,,,2016,Action-Ubisoft,,"0,02","0,06","0,01","0,02","0,12"
Assassin's Creed Chronicles,,,,,,,PS4,,2016,Action-Ubisoft,,"0,01","0,05","0,01","0,01","0,08"
Assassin's Creed Chronicles,,,,,,,,XOne,2016,Action-Ubisoft,,0,"0,01",0,0,"0,01"
Arslan: The Warriors of Legend,,,,,,,,XOne,2016,Action-Tecmo Koei,,"0,01",0,0,0,"0,02"
Arslan: The Warriors of Legend,,,,,,,PS4,,2015,Action-Tecmo Koei,,"0,02","0,01","0,04","0,01","0,08"
Arslan: The Warriors of Legend,,,PS3,,,,,,2015,Action-Tecmo Koei,,0,0,"0,05",0,"0,05"
Arcania: Gothic 4,,,,,,,PS4,,2015,Role-Playing-Nordic Games,,"0,04",0,0,"0,01","0,05"
Ao no Kanata no Four Rhythm,,,,,PSV,,,,2016,Adventure-Unknown,,0,0,"0,03",0,"0,03"
Ansatsu Kyoushitsu: Assassin Ikusei Keikaku!!,3DS,,,,,,,,2016,Action-Namco Bandai Games,,0,0,"0,06",0,"0,06"
Anno 2205,,PC,,,,,,,2015,Strategy-Ubisoft,,"0,02","0,22",0,"0,01","0,25"
Animal Crossing: Happy Home Designer,3DS,,,,,,,,2015,Simulation-Nintendo,,"0,47",1,"1,39","0,12","2,98"
Anima - Gate of Memories,,,,,,,PS4,,2016,Action-Avanquest,,0,"0,02",0,0,"0,02"
Angelique Retour,,,,,PSV,,,,2015,Action-Tecmo Koei,,0,0,"0,02",0,"0,02"
Amatsumi Sora ni! Kumo no Hatate ni,,,,,PSV,,,,2015,Adventure-Prototype,,0,0,"0,02",0,"0,02"
Alia's Carnival! Sacrament,,,,,PSV,,,,2015,Adventure-dramatic create,,0,0,"0,03",0,"0,03"
Airship Q,,,,,PSV,,,,2015,Platform-Cygames,,0,0,"0,03",0,"0,03"
Aikatsu! My No.1 Stage!,3DS,,,,,,,,2015,Misc-Namco Bandai Games,,0,0,"0,07",0,"0,07"
Agatha Christie's The ABC Murders,,,,,,,PS4,,2016,Adventure-Microids,,"0,01","0,01",0,0,"0,02"
Agatha Christie: The ABC Murders,,PC,,,,,,,2016,Adventure-Microids,,0,"0,02",0,0,"0,02"
Aegis of Earth: Protonovus Assault,,,,,PSV,,,,2016,Action-PQube,,"0,02","0,01",0,"0,01","0,04"
Aegis of Earth: Protonovus Assault,,,PS3,,,,,,2016,Action-PQube,,"0,01","0,01",0,0,"0,03"
Aegis of Earth: Protonovus Assault,,,,,,,PS4,,2016,Action-PQube,,"0,02",0,0,0,"0,02"
Aegis of Earth: Protonovus Assault,,,,,,,PS4,,2016,Action-PQube,,"0,02",0,0,0,"0,02"
Adventure Time: Finn & Jake Investigations,,,PS3,,,,,,2015,Action-Little Orbit,,"0,02","0,07",0,"0,02","0,1"
Adventure Time: Finn & Jake Investigations,,,,,,X360,,,2015,Action-Little Orbit,,"0,02","0,06",0,"0,01","0,09"
Adventure Time: Finn & Jake Investigations,,,,,,,PS4,,2015,Action-Little Orbit,,"0,03","0,04",0,"0,01","0,09"
Adventure Time: Finn & Jake Investigations,3DS,,,,,,,,2015,Action-Little Orbit,,"0,02","0,05",0,"0,01","0,07"
Adventure Time: Finn & Jake Investigations,,,,,,,,XOne,2015,Action-Little Orbit,,"0,02","0,02",0,0,"0,05"
Act of Aggression,,PC,,,,,,,2015,Strategy-Focus Home Interactive,,0,"0,01",0,0,"0,01"
Ace Attorney 6,3DS,,,,,,,,2016,Adventure-Capcom,,0,0,"0,27",0,"0,27"
Abunai: Koi no Sousa Shitsu,,,,,PSV,,,,2015,Action-Asgard,,0,0,"0,02",0,"0,02"
A Good Librarian Like a Good Shepherd: Library Party,,,,,PSV,,,,2015,Action-Kaga Create,,0,0,"0,03",0,"0,03"
7th Dragon III Code: VFD,3DS,,,,,,,,2015,Role-Playing-Sega,,"0,03",0,"0,12",0,"0,16"
7 Roses: A Darkness Rises,,PC,,,,,,,2015,Misc-Avanquest Software,,0,"0,02",0,0,"0,02"
7 Days to Die,,,,,,,PS4,,2016,Action-Telltale Games,,"0,03","0,07",0,"0,02","0,12"
7 Days to Die,,,,,,,,XOne,2016,Action-Telltale Games,,"0,02","0,02",0,0,"0,04"
3rd Super Robot Wars Z: Tengoku-Hen,,,,,PSV,,,,2015,Action-Namco Bandai Games,,0,0,"0,19",0,"0,19"
3rd Super Robot Wars Z: Tengoku-Hen,,,PS3,,,,,,2015,Action-Namco Bandai Games,,0,0,"0,15",0,"0,15"
3DS Classic Collection,3DS,,,,,,,,2016,Misc-Sega,,"0,02",0,0,0,"0,03"
12-Sai. Koisuru Diary,3DS,,,,,,,,2016,Adventure-Happinet,,0,0,"0,04",0,"0,04"